First Name,Second Name,Age (Years),Sex,Retired,Dependants,Marital_status,Salary,Pension,Company,Commute_distance,Address_postcode
Hilary,Hughes,77,Female,True,4,single,97933,18966,N/A,0,EX0 1BR
Roy,Watson,51,Male,False,2,single,34521,0,West Ltd,9.97,W6 0LD
Peter,Ford,46,Male,False,2,single,31646,0,"Smith, Heath and Ahmed",9.33,SN51 3JU
Holly,Clarke,78,Female,True,2,divorced,57415,9827,N/A,0,B0 9TJ
Glenn,Rogers,87,Male,True,2,single,28852,27246,N/A,0,S68 4EZ
Paige,Lees,72,Female,False,1,divorced,26210,0,Roberts-Whitehouse,8.04,E8 2YF
Sean,Young,40,Male,False,1,divorced,86320,0,"Smith, Hudson and Arnold",18.67,S29 4PH
Dominic,Thomas,73,Male,False,1,married or civil partner,78499,0,Rose PLC,17.57,L54 4HJ
Tracy,Wilson,71,Female,False,4,single,49084,0,Alexander Inc,12.85,KT65 2YU
Ann,Murray,30,Female,False,2,married or civil partner,51786,0,Powell Group,13.33,EH4Y 8WE
Michelle,Brown,34,Female,False,2,single,46715,0,Griffiths-Thompson,12.41,PA80 4DX
Matthew,Taylor,55,Male,False,2,single,35977,0,Wright Inc,10.28,E1K 0BD
Victoria,Smith,30,Female,False,2,married or civil partner,92982,0,Hardy-Webster,19.57,LA0V 5ED
Andrea,McCarthy,66,Female,False,3,single,45640,0,Hargreaves LLC,12.21,S0 9NT
Harry,Hughes,20,Male,False,2,married or civil partner,34387,0,Fletcher PLC,9.94,TQ1 4DZ
Abigail,Ellis,76,Female,True,3,married or civil partner,81536,19862,N/A,0,CH4 4XB
Marc,Brown,71,Male,False,2,single,58060,0,"Field, Bishop and Harper",14.41,WD7 5RZ
Ann,Richards,81,Female,True,2,single,39373,26557,N/A,0,CW7 4AB
Donald,Price,21,Male,False,2,married or civil partner,97157,0,Morgan LLC,20.11,DG83 8AD
Amy,Johnson,74,Female,False,2,single,36942,0,Begum-Perkins,10.49,N5 1SD
Rebecca,Metcalfe,36,Female,False,2,married or civil partner,58385,0,"Begum, Wood and Morley",14.47,BT8P 8PP
Gary,Jackson,86,Male,True,2,married or civil partner,22248,18916,N/A,0,N45 4WS
Denise,Campbell,50,Female,False,2,single,91238,0,Morton-Burns,19.34,S7B 9NH
Lynda,Howe,55,Female,False,3,married or civil partner,86447,0,Davison PLC,18.69,WV0W 4GD
Cameron,Hawkins,42,Male,False,1,married or civil partner,90943,0,Hayward Group,19.3,NN39 9BZ
Antony,Lewis,22,Male,False,2,married or civil partner,64310,0,Joyce and Sons,15.43,WS01 6LA
Julian,Holmes,42,Male,False,4,married or civil partner,56727,0,Davison-Wilson,14.19,B5K 6BB
Mark,Schofield,18,Male,False,2,married or civil partner,40717,0,"Wilson, Davies and Short",11.26,W9S 4TH
Fiona,Hill,69,Female,False,1,single,30397,0,Taylor-Williamson,9.05,CB8 7WD
Stanley,Woods,53,Male,False,3,single,32335,0,Howell LLC,9.49,OX3 4DJ
Diana,King,84,Female,True,1,married or civil partner,94127,35908,N/A,0,E73 7QS
Sophie,Potter,79,Female,True,1,married or civil partner,21784,25288,N/A,0,S89 9RT
Ben,Booth,58,Male,False,1,divorced,45281,0,Russell-Smith,12.14,G36 1PB
Stephanie,Knight,86,Female,True,3,married or civil partner,86574,34501,N/A,0,NG9R 5DH
Jean,Smith,81,Female,False,1,single,55698,0,"Roberts, Lee and Ward",14.01,B44 0QR
Melanie,Freeman,84,Female,True,2,married or civil partner,30358,18140,N/A,0,HP90 9NA
Denise,Robinson,30,Female,False,2,single,93818,0,Higgins-Wallis,19.68,E17 1TN
Judith,Welch,65,Female,False,1,married or civil partner,41582,0,Gibbs Group,11.43,SE6N 4ZB
Laura,Walker,28,Female,False,5,married or civil partner,30625,0,Hope LLC,9.1,EC4 4YX
Lawrence,Evans,23,Male,False,2,single,79370,0,Hargreaves LLC,17.7,SM7 9RL
Jean,Carr,30,Female,False,3,single,98379,0,Armstrong and Sons,20.27,DL07 6QE
Georgia,Ellis,66,Female,False,2,single,76497,0,"Hill, Coates and Hodgson",17.28,FY7 5YG
Vincent,Baker,21,Male,False,1,married or civil partner,55663,0,Davison-Bailey,14.01,WD67 5GW
Frederick,Wright,70,Male,False,2,married or civil partner,90609,0,Anderson Ltd,19.25,TR9 4NN
Sharon,Shaw,23,Female,False,2,single,73597,0,"Ali, Davies and Watts",16.86,B2 3TZ
James,Butler,81,Male,True,3,widowed,28145,13349,N/A,0,IM3 6TF
Dawn,Duffy,81,Female,True,1,married or civil partner,85209,24248,N/A,0,SW95 3DU
Jade,Thomas,60,Female,False,2,divorced,47495,0,Wheeler PLC,12.56,CV44 6LS
Jenna,Ingram,21,Female,False,2,single,67749,0,Brown LLC,15.97,S6J 6AD
Sheila,Watson,61,Female,False,2,single,53698,0,Green-Morris,13.67,E6S 4SF
Stephanie,Scott,81,Female,True,2,married or civil partner,52690,23349,N/A,0,S9 2ZD
Linda,Smith,71,Female,False,2,married or civil partner,51977,0,Potter-Jones,13.37,E6A 6SS
Maurice,Pearson,21,Male,False,2,divorced,74396,0,Johnson Group,16.97,AB1 0SF
Joyce,Gibbs,67,Female,False,4,single,49983,0,Hughes-Ahmed,13.01,M7 6XJ
Amber,Stewart,48,Female,False,2,married or civil partner,71865,0,Green-Hargreaves,16.6,W1 0ZA
Ian,Greenwood,28,Male,False,1,single,26799,0,Mann-Hammond,8.19,L6 4UN
Joseph,Wood,80,Male,True,3,single,51856,16957,N/A,0,E8 9YD
Gavin,Kelly,45,Male,False,1,widowed,83264,0,Hughes-Patel,18.25,L8 7RA
Abigail,Ahmed,74,Female,False,2,married or civil partner,21961,0,Morton Ltd,6.94,G9B 8LA
Rosie,Parkinson,71,Female,True,1,married or civil partner,57056,32239,N/A,0,B4T 9HL
Robert,Simmons,40,Male,False,2,single,47149,0,"Cook, Nolan and Price",12.49,HG7 0EQ
Callum,Middleton,48,Male,False,2,married or civil partner,70208,0,Duffy-Moore,16.35,TA9 7SD
Alan,Hughes,75,Male,True,4,single,85744,25499,N/A,0,BD6Y 3SR
Molly,Richards,59,Female,False,2,widowed,50773,0,Williams and Sons,13.15,DY1V 8QY
Helen,Begum,64,Female,False,1,married or civil partner,46193,0,Ashton Inc,12.32,HX2 0HX
Lucy,Wood,63,Female,False,3,married or civil partner,44602,0,Harding-Savage,12.01,SN1 3DU
Julia,Fry,83,Female,True,1,married or civil partner,98132,12873,N/A,0,NW1M 0NN
Lynda,Hewitt,57,Female,False,3,single,76906,0,Cross-Bailey,17.34,GL1W 4XJ
Rosemary,Smith,84,Female,True,2,married or civil partner,38640,22378,N/A,0,WA7 3XR
Kevin,Clarke,72,Male,False,3,married or civil partner,20746,0,White-Berry,6.6,N6W 4XF
Glenn,Webster,20,Male,False,3,married or civil partner,60981,0,Clarke-Lewis,14.9,SK1P 2LQ
Charlotte,King,75,Female,True,2,single,34170,27258,N/A,0,PH4 5HS
Mary,Clayton,28,Female,False,2,married or civil partner,38331,0,"Robinson, Brooks and Campbell",10.77,CO7 6AF
Elaine,Newton,70,Female,False,2,married or civil partner,60362,0,Jones Group,14.79,G2F 7YL
Patricia,Smith,46,Female,False,1,single,25426,0,Tucker-Preston,7.85,YO1 1SD
Kathryn,Sheppard,88,Female,True,1,married or civil partner,45790,5111,N/A,0,SP5H 2LD
Janice,Newman,25,Female,False,1,married or civil partner,93758,0,Brown LLC,19.67,B88 2ZF
Shannon,Hobbs,41,Female,False,1,married or civil partner,93195,0,White Ltd,19.6,LA07 8PH
Marcus,Summers,60,Male,False,2,single,90136,0,Henry Inc,19.19,L45 8YW
Leon,Campbell,75,Male,False,2,widowed,23623,0,"Wong, Gregory and Davies",7.38,WR7Y 9YB
Mohammad,Wilson,19,Male,False,2,married or civil partner,30168,0,Archer Ltd,8.99,NN9A 6GS
Stewart,Griffin,42,Male,False,2,married or civil partner,54844,0,Archer and Sons,13.87,M9 0GJ
Dorothy,Howard,40,Female,False,1,single,98755,0,Morgan-Lee,20.32,SW5A 0DG
Sean,White,56,Male,False,1,divorced,23453,0,"Jones, Marsh and Anderson",7.34,HS0 1JL
Beth,Patel,89,Female,True,1,married or civil partner,78488,18907,N/A,0,L5B 3TX
Fiona,Patel,43,Female,False,2,single,66278,0,"Adams, Stevens and Williams",15.74,AL5M 0DW
Marian,Sharpe,49,Female,False,2,divorced,19509,0,"O'Brien, Wilson and Carter",6.25,B8 3YT
Graeme,Burns,83,Male,True,2,single,67189,34402,N/A,0,L0S 7QW
Josh,Gill,30,Male,False,4,widowed,96144,0,"Robinson, Stanley and Jones",19.98,B46 2LL
Sam,Jones,86,Male,True,1,married or civil partner,91588,30832,N/A,0,M0 8RL
Georgia,Williams,45,Female,False,2,single,66981,0,"Hopkins, Knight and Ball",15.85,CV1 2WF
Mark,Young,59,Male,False,1,married or civil partner,91092,0,Knowles PLC,19.32,E5U 6EN
Bethany,Pratt,46,Female,False,3,married or civil partner,35431,0,Sims PLC,10.17,MK5 7ZS
Leslie,Sutton,46,Male,False,3,married or civil partner,64849,0,"Robertson, Manning and Nelson",15.52,B1K 8JD
Linda,Walker,65,Female,False,1,divorced,49721,0,Gordon-Perry,12.96,HG57 5ZR
Amanda,Holmes,26,Female,False,3,married or civil partner,95442,0,"Gregory, Parsons and Elliott",19.89,W1A 6BU
Gerald,Taylor,37,Male,False,2,married or civil partner,45612,0,"Wade, Hodgson and Taylor",12.21,CF2N 5WQ
Anne,Saunders,27,Female,False,1,single,82197,0,"Woods, Phillips and Mitchell",18.1,SY5M 7RQ
Geraldine,Johnson,27,Female,False,3,single,44497,0,Daly-Begum,11.99,M68 6DG
Janice,Wilson,23,Female,False,5,single,93707,0,Hall-Bradshaw,19.66,PA45 9RA
Kimberley,Chambers,23,Female,False,3,married or civil partner,71089,0,Thornton Inc,16.48,NR7 7RH
Dylan,Jones,50,Male,False,2,married or civil partner,88414,0,Jones LLC,18.96,NE09 8LW
Gillian,Rahman,53,Female,False,1,married or civil partner,24466,0,"George, Clarke and Johnston",7.6,W9 4JS
Hilary,Read,37,Female,False,4,married or civil partner,94085,0,White-Pickering,19.71,HR09 0XF
Brett,Smith,64,Male,False,2,single,82725,0,Vaughan-Johnson,18.17,AB28 3WW
Geoffrey,Dale,82,Male,True,4,widowed,65562,37167,N/A,0,TW3 3EL
Louise,Parry,66,Female,False,1,married or civil partner,53080,0,Willis LLC,13.56,N75 6YP
Joshua,Cox,78,Male,True,3,married or civil partner,59606,27239,N/A,0,N54 0GQ
Patricia,Johnston,65,Female,False,1,married or civil partner,81414,0,Martin Group,17.99,EC3Y 9TG
Roger,Shaw,68,Male,False,1,married or civil partner,55804,0,Green LLC,14.03,KY85 0NJ
Abbie,Bull,71,Female,True,3,married or civil partner,63734,27581,N/A,0,B7 2WA
Kieran,Cook,80,Male,False,3,single,55202,0,"Brown, Lamb and Clark",13.93,W0W 2LQ
Marion,Hughes,78,Female,False,2,married or civil partner,19421,0,Turner Inc,6.23,SL14 7GJ
Roy,Ellis,25,Male,False,2,single,69548,0,Begum PLC,16.25,G0S 0ZS
Thomas,Yates,34,Male,False,2,married or civil partner,85300,0,"Kemp, Hayward and Powell",18.53,PH9 2BQ
Joan,Potter,89,Female,True,1,married or civil partner,76155,14695,N/A,0,BB83 9FY
Allan,Williams,38,Male,False,3,widowed,80094,0,Mills PLC,17.8,N28 5ST
Clare,Williams,67,Female,False,2,single,88269,0,Bentley-Campbell,18.94,SY3 2HL
Abigail,Smith,35,Female,False,2,married or civil partner,65545,0,Arnold Group,15.63,KT93 9YP
Nicole,Smith,88,Female,True,2,married or civil partner,28168,38638,N/A,0,W53 5ND
Nigel,Powell,20,Male,False,2,married or civil partner,52378,0,Reid Inc,13.44,ME5 4ZU
Hilary,Stewart,62,Female,False,1,single,44140,0,Jackson LLC,11.93,TS6A 0FY
Gerald,Young,88,Male,True,1,single,41688,21357,N/A,0,B9 1RX
Damien,Sharp,47,Male,False,2,married or civil partner,25484,0,Hunter-Potts,7.86,CF0 3GR
Ronald,Smith,31,Male,False,3,widowed,70565,0,Wheeler-Richardson,16.4,B69 5UR
Mitchell,Davidson,84,Male,True,1,married or civil partner,72088,28111,N/A,0,NP3 5ZP
Stephanie,Williams,52,Female,False,4,widowed,69735,0,Allan-Hill,16.28,S0 9YR
Tony,Singh,77,Male,True,3,single,45179,21708,N/A,0,FK3A 5QE
Roger,Lewis,71,Male,False,1,single,37549,0,Rees PLC,10.61,SE17 5BX
Gail,Green,33,Female,False,2,widowed,64013,0,Williams LLC,15.38,B9 7GW
Kevin,Duncan,62,Male,False,2,married or civil partner,19266,0,Gray-Griffiths,6.18,M49 0RF
Terry,Kelly,32,Male,False,3,married or civil partner,69027,0,"Kelly, Thompson and Harvey",16.17,NW7R 1WJ
Hollie,Stanley,74,Female,True,3,married or civil partner,50644,12234,N/A,0,FY9M 3LB
Annette,Mills,88,Female,True,3,married or civil partner,39064,27534,N/A,0,B4B 7AJ
Jade,Graham,35,Female,False,1,married or civil partner,98376,0,Lowe PLC,20.27,G4 7AD
Lewis,Miles,24,Male,False,2,single,85621,0,"Powell, Campbell and White",18.57,SY39 3JA
Vanessa,Cox,34,Female,False,5,single,64543,0,"Bell, Davies and Rice",15.47,DL77 9ER
Dennis,Stanley,22,Male,False,2,married or civil partner,35129,0,Freeman LLC,10.1,HX6 9UR
Arthur,Farmer,58,Male,False,1,married or civil partner,77665,0,"Hughes, Green and Wilkins",17.45,G3H 5JX
Paige,Sullivan,56,Female,False,2,single,31211,0,"Bond, Knight and Palmer",9.23,KT2A 2UJ
Rhys,Marshall,34,Male,False,4,divorced,56103,0,"Parker, Thomas and Leonard",14.08,LE9 7WS
Albert,Cooke,52,Male,False,2,married or civil partner,77482,0,Shaw and Sons,17.43,S7 9EU
Mitchell,Wilson,53,Male,False,4,married or civil partner,95636,0,Brown Group,19.92,WS7 2AZ
Anne,Morris,40,Female,False,2,single,54820,0,"Greenwood, Collins and Williamson",13.86,DE6 7XF
Stacey,Williams,47,Female,False,2,married or civil partner,86866,0,"Rees, Harding and Burns",18.75,W7E 8XF
Ryan,Green,65,Male,False,1,married or civil partner,65299,0,Mann-Butler,15.59,S8K 3GS
Ruth,Wright,69,Female,False,3,single,22343,0,Swift-Collins,7.04,EN6 0RA
Shirley,Porter,65,Female,False,2,married or civil partner,21999,0,Collins Ltd,6.95,NR44 3DU
Valerie,Barnes,53,Female,False,2,single,17475,0,Edwards-Parsons,5.65,L8 2GN
Carl,Watson,75,Male,True,2,divorced,35180,25764,N/A,0,G7 6PS
Malcolm,Moore,48,Male,False,2,single,69327,0,Walker Group,16.21,E68 7HP
Barbara,Chan,59,Female,False,3,married or civil partner,32683,0,Jones PLC,9.57,IG66 6HU
Brett,Mason,89,Male,True,2,single,40299,14849,N/A,0,N51 3NY
Alexandra,Saunders,43,Female,False,1,single,85785,0,"Collins, Mitchell and Barker",18.6,L1 9ZT
Marcus,Gibson,90,Male,True,1,married or civil partner,51812,19842,N/A,0,NW85 3LR
Darren,Curtis,81,Male,True,1,divorced,21499,25165,N/A,0,SY38 2YF
Angela,Miller,59,Female,False,3,married or civil partner,50178,0,Rose Ltd,13.05,M7D 5ZA
John,White,25,Male,False,2,single,29242,0,"Middleton, Bell and Thornton",8.78,W76 5GE
Suzanne,Hughes,51,Female,False,2,married or civil partner,60781,0,"George, Connor and Gregory",14.86,CW5 8HF
Joanna,Kerr,87,Female,True,,widowed,63134,30388,N/A,0,W2J 9DE
Joseph,Harding,50,Male,False,1,married or civil partner,29435,0,"Curtis, Black and Richards",8.82,DG4 6PJ
Shirley,Crawford,60,Female,False,1,married or civil partner,86177,0,Andrews and Sons,18.65,TS5P 6YH
Jason,Davidson,23,Male,False,2,married or civil partner,34470,0,Turner and Sons,9.96,L7J 1ZD
Carole,Dale,87,Female,True,2,single,53933,31002,N/A,0,SM7 0AW
Lee,Hart,69,Male,False,1,single,59529,0,"Bibi, Wood and Moore",14.66,KY70 6HX
James,Lamb,66,Male,False,1,married or civil partner,54526,0,"Jones, Richards and Nixon",13.81,W7 5LB
Eric,Smith,89,Male,True,2,single,29848,38132,N/A,0,N1 2JN
Frank,Spencer,31,Male,False,2,married or civil partner,21689,0,Booth Inc,6.87,TR0B 6FQ
Ann,Thompson,23,Female,False,1,divorced,55579,0,Campbell LLC,13.99,DD1B 5NS
Richard,Collins,91,Male,True,3,married or civil partner,32066,26356,N/A,0,E9A 9SN
Hazel,Foster,67,Female,False,2,married or civil partner,48222,0,Cooper-Cooper,12.69,PA3Y 0DB
Joyce,Ali,88,Female,True,3,married or civil partner,40046,32693,N/A,0,G6E 2HU
David,Pollard,61,Male,False,1,single,71102,0,Macdonald and Sons,16.48,L1S 9TE
Kevin,O'Neill,36,Male,False,3,divorced,25884,0,"Scott, Humphreys and Dunn",7.96,SL0A 2JF
Janice,Roberts,73,Female,False,2,single,82062,0,"Walker, Shepherd and Davis",18.08,PR5 0WZ
Claire,Cooper,89,Female,True,3,single,70559,24218,N/A,0,WC6N 6ZA
William,Mellor,51,Male,False,2,married or civil partner,65601,0,"Rose, Hawkins and Lloyd",15.64,KW6H 2JS
Marian,Reeves,91,Female,True,1,single,17027,19610,N/A,0,DD25 3BB
Douglas,Bailey,82,Male,False,1,widowed,74169,0,"Humphreys, Jones and Hodgson",16.94,G8F 2BR
Neil,Reid,43,Male,False,2,married or civil partner,60510,0,Brown Ltd,14.82,S3 8UG
Joan,Cook,51,Female,False,3,married or civil partner,33786,0,Ashton Inc,9.81,CF0 3EL
Melissa,Lee,80,Female,True,1,single,78496,24836,N/A,0,NE94 6ZD
Elliot,Brooks,41,Male,False,2,married or civil partner,46251,0,James PLC,12.33,SY84 5XD
Rosie,Edwards,78,Female,True,,married or civil partner,91603,18465,N/A,0,RH9 6NH
Rachael,Vincent,84,Female,True,1,married or civil partner,62887,17798,N/A,0,N02 2FD
Gavin,Whitehead,62,Male,False,3,married or civil partner,30455,0,"Hardy, French and Brookes",9.06,BN8 1UY
Irene,Bates,52,Female,False,3,married or civil partner,55858,0,Kirby-Harrison,14.04,DN6 1UP
Maurice,Jackson,21,Male,False,1,widowed,36297,0,Edwards-Barlow,10.35,DH38 2YU
Christian,Burke,35,Male,False,2,widowed,92488,0,Ali-Brown,19.5,N32 2GB
Kimberley,Smith,39,Female,False,2,single,89833,0,Lee-Hughes,19.15,TW1 0ER
Donna,Summers,66,Female,False,2,single,69524,0,Turner Group,16.24,W57 3QZ
Wendy,Bailey,80,Female,True,3,divorced,35979,31164,N/A,0,S85 4QX
Ian,Bishop,52,Male,False,2,single,20036,0,Davies PLC,6.4,YO15 2XQ
Steven,Gray,61,Male,False,2,widowed,50261,0,Hart-Smith,13.06,B2 4FY
Allan,Gibson,65,Male,False,1,single,67984,0,"Flynn, Jackson and John",16.01,E4 0TA
Samuel,Daniels,47,Male,False,2,married or civil partner,56218,0,Hughes Group,14.1,FK92 5YA
Ross,Wright,71,Male,False,1,single,96787,0,Smith-Henry,20.06,IG0R 2EX
Pamela,Jordan,84,Female,True,1,married or civil partner,56811,22478,N/A,0,EN2N 0JF
Jennifer,Dunn,78,Female,True,2,divorced,62990,31887,N/A,0,DG2X 0JS
Maurice,Randall,69,Male,True,3,divorced,75571,47667,N/A,0,N7T 9RB
Maureen,Hayes,55,Female,False,3,single,80406,0,"Collier, Young and Booth",17.85,HG6Y 9SY
Gary,Read,49,Male,False,2,single,54626,0,"Charlton, Willis and Lowe",13.83,G4 2QH
Anna,Allen,48,Female,False,5,single,34050,0,Fleming-McDonald,9.87,W5J 1WF
Emma,Watkins,37,Female,False,2,single,65998,0,"Bates, Jackson and Murray",15.7,DT1 4NR
Daniel,Allan,83,Male,False,2,married or civil partner,20137,0,"Murphy, Woods and Miller",6.43,M5A 1YQ
Ryan,Walker,63,Male,False,1,married or civil partner,69622,0,Barker Ltd,16.26,AL2B 9JL
Samantha,Vaughan,65,Female,False,2,married or civil partner,71251,0,Savage-Evans,16.51,N33 2JH
Amber,Hammond,33,Female,False,2,married or civil partner,98236,0,Johnson LLC,20.25,PL97 6RF
Denise,Godfrey,34,Female,False,4,married or civil partner,45932,0,Atkins-Walker,12.27,G82 7DW
Gareth,Hayward,32,Male,False,4,married or civil partner,50795,0,Faulkner PLC,13.16,G3C 7BF
Terry,Evans,21,Male,False,2,married or civil partner,24617,0,Cooke-Preston,7.64,W21 7ZJ
Jean,Gill,47,Female,False,2,married or civil partner,67186,0,Dunn-Francis,15.88,AB11 2BE
Stacey,Donnelly,65,Female,False,3,married or civil partner,43567,0,"Brown, Simmons and Brown",11.82,HU1P 7XT
Tracey,Lord,29,Female,False,2,single,86402,0,Poole and Sons,18.68,W37 6HQ
Jasmine,Preston,78,Female,True,2,married or civil partner,18156,23136,N/A,0,N9 7AE
Marc,Parker,44,Male,False,4,married or civil partner,34550,0,"Hale, James and Green",9.98,FY3 0RJ
Lisa,Matthews,67,Female,False,1,married or civil partner,47995,0,"Davis, Hill and Baxter",12.65,LS5 1ZS
Judith,Evans,41,Female,False,2,married or civil partner,27268,0,Khan-Kelly,8.3,M50 9JR
Holly,Franklin,71,Female,False,2,single,72108,0,"Murray, Reynolds and Barnett",16.63,B1 2JR
Lewis,Brown,25,Male,False,2,single,84342,0,Mason and Sons,18.4,M8 2PN
Josh,Bull,66,Male,False,1,single,98763,0,Smith Inc,20.32,W89 6AN
Joanne,Hancock,47,Female,False,1,married or civil partner,86826,0,Roberts-Shaw,18.74,G0T 9NQ
Brandon,Hawkins,74,Male,False,1,single,18453,0,Oliver and Sons,5.94,RH9 1NW
Emily,May,51,Female,False,1,married or civil partner,28845,0,"Taylor, Patel and Ward",8.68,TW9 4EN
Kieran,O'Connor,38,Male,False,3,married or civil partner,53145,0,"Thomson, Jenkins and Coles",13.57,N2C 1WW
Jean,Lee,23,Female,False,1,single,65851,0,Bates Ltd,15.67,CA1W 5LX
Abbie,Miller,73,Female,False,2,single,38800,0,Lewis-Gibbons,10.87,LS0M 9LG
Damian,Dean,24,Male,False,2,married or civil partner,28706,0,Jenkins PLC,8.65,UB5 9AQ
Richard,Hussain,54,Male,False,2,single,20917,0,"Moore, Glover and Taylor",6.65,B6 0AW
Tom,Cooke,69,Male,False,2,single,78099,0,Parker PLC,17.52,G28 1EQ
Janet,Lee,67,Female,False,1,married or civil partner,72051,0,White-Wyatt,16.63,M43 5WP
Abbie,Wright,60,Female,False,2,single,49394,0,Murphy-Ward,12.91,N7H 5FX
Jodie,Coleman,34,Female,False,2,single,85129,0,"Ball, Lambert and Fisher",18.51,B6 9XH
Marie,Carpenter,74,Female,False,2,single,58223,0,Stevenson Ltd,14.44,B3G 8LX
Jenna,Watkins,88,Female,True,3,married or civil partner,52123,27341,N/A,0,L76 8XQ
Pauline,Kelly,79,Female,True,3,married or civil partner,43028,21206,N/A,0,S0K 1NH
Luke,Middleton,42,Male,False,2,divorced,25866,0,Palmer-Harrison,7.96,M6 0WD
Andrew,Wilson,22,Male,False,3,single,51438,0,Watts-Jackson,13.27,L2H 0UF
Daniel,Chan,51,Male,False,2,widowed,29341,0,Jackson-Woods,8.8,G3C 0ZP
Albert,Phillips,49,Male,False,2,married or civil partner,23009,0,"Knowles, Clarke and Norman",7.22,L3D 7UX
Abbie,Davis,46,Female,False,4,married or civil partner,67745,0,Baker-Sykes,15.97,SO5 0HU
Joe,Whitehead,79,Male,True,4,married or civil partner,71987,29016,N/A,0,W8U 0FF
Andrea,Harris,63,Female,False,1,single,86030,0,Lloyd PLC,18.63,DE8 9AQ
Rosie,Smith,86,Female,True,2,divorced,60462,23834,N/A,0,CO2 2UG
Joshua,Harris,74,Male,True,2,married or civil partner,53407,31723,N/A,0,L9E 6PZ
Tina,Taylor,19,Female,False,2,married or civil partner,80394,0,Thomas and Sons,17.84,UB8 1DB
Sean,Lee,24,Male,False,2,single,31298,0,Bird-Ellis,9.25,M43 5BT
Anna,Austin,49,Female,False,2,single,42655,0,"Williams, Long and Reed",11.64,M7U 6BH
Lesley,Edwards,37,Female,False,2,single,64778,0,"Lees, Morris and Cooper",15.51,S49 7GD
Shane,Phillips,84,Male,True,3,divorced,60857,33307,N/A,0,OL3 9SH
Lindsey,Hurst,91,Female,True,4,single,39330,21964,N/A,0,RM5 0DJ
Maurice,Williams,71,Male,False,2,married or civil partner,35470,0,Kerr-Clark,10.17,L55 4PX
Frederick,Patterson,47,Male,False,2,divorced,66548,0,"Wilkinson, Chadwick and Woodward",15.78,HS29 6YA
Olivia,Allen,74,Female,False,,married or civil partner,29049,0,Perkins-Evans,8.73,IV49 1NJ
Rita,Nicholson,50,Female,False,2,single,59848,0,"Elliott, Hutchinson and Bell",14.71,ME8V 3GF
Graham,Fuller,30,Male,False,2,married or civil partner,59233,0,Holmes Inc,14.61,CM40 9AB
Carl,Davey,60,Male,False,1,single,36209,0,Edwards Inc,10.33,N4 5RJ
Sophie,Wells,52,Female,False,2,divorced,93250,0,Rose and Sons,19.6,PH8 2BT
Declan,Leonard,54,Male,False,2,married or civil partner,56609,0,Cross PLC,14.17,BB59 0AU
Patricia,Lee,29,Female,False,1,married or civil partner,98449,0,"Griffiths, Bruce and Morgan",20.28,N9D 4SX
Douglas,Williams,39,Male,False,2,married or civil partner,74505,0,"Marsh, Smith and Thomas",16.99,N07 1YU
Ronald,Jones,42,Male,False,1,married or civil partner,52326,0,Davies LLC,13.43,W8 2ZT
Damian,Thomas,70,Male,True,1,single,78259,27938,N/A,0,DL55 8TD
Jade,Edwards,62,Female,False,1,single,48500,0,"Collins, Patel and Barnett",12.74,E9K 6TS
Nicole,Page,18,Female,False,4,married or civil partner,97979,0,Smith-Patterson,20.22,HX82 8XY
Hannah,Lloyd,40,Female,False,3,single,40132,0,Patterson LLC,11.14,SA2N 2UB
Terence,Sharpe,65,Male,False,3,married or civil partner,46011,0,Marshall-Thompson,12.28,E8 6RA
Owen,Brennan,55,Male,False,3,single,24550,0,Brennan Group,7.62,SY1 5JA
Geraldine,Martin,57,Female,False,2,married or civil partner,62951,0,George-Parker,15.21,E4 9GD
Kyle,Walters,64,Male,False,3,married or civil partner,32509,0,Davies Ltd,9.53,HU2N 1QE
Kyle,Thomas,46,Male,False,2,single,92028,0,"Stevenson, Stanley and Leach",19.44,UB41 3EJ
Amber,Allen,64,Female,False,3,divorced,48578,0,Parker-Wright,12.76,GU56 6LG
Kenneth,Robinson,86,Male,True,2,divorced,98396,31168,N/A,0,G81 7RN
Eileen,Barlow,89,Female,True,1,married or civil partner,70555,23435,N/A,0,M24 5RZ
Josh,Harrison,40,Male,False,1,single,79201,0,Dodd Group,17.67,W36 1SQ
Jack,Powell,61,Male,False,2,single,54641,0,Bennett-Harrison,13.83,E5E 3DN
Joanna,James,36,Female,False,4,married or civil partner,82153,0,"Bray, Thomas and Jones",18.09,AL6R 7DL
Craig,Brown,25,Male,False,1,married or civil partner,60303,0,"Young, Goodwin and Collins",14.78,LU1Y 6AX
Caroline,Lewis,51,Female,False,3,single,62668,0,Cook-Patel,15.17,SP14 6RN
Ashleigh,Clark,24,Female,False,2,single,41537,0,Berry and Sons,11.42,S05 9HA
Julian,Baker,68,Male,False,3,single,42817,0,Harper-McKenzie,11.67,PA4 1RU
Sheila,Gray,39,Female,False,2,married or civil partner,41098,0,"James, Duncan and Brennan",11.33,G58 2DF
Rosie,Reed,53,Female,False,4,married or civil partner,20167,0,Wells-Holt,6.44,B2D 4JG
Melanie,Butler,61,Female,False,2,married or civil partner,54832,0,Iqbal-Graham,13.87,B92 1QY
Stacey,Turner,19,Female,False,3,single,71112,0,Price LLC,16.48,W83 4GA
Anna,Brookes,31,Female,False,2,widowed,62967,0,Lloyd-Morris,15.22,B23 3AW
Guy,Hamilton,59,Male,False,2,married or civil partner,41382,0,Lamb-Warren,11.39,CO3W 5UD
Kim,Smart,46,Female,False,2,married or civil partner,92660,0,Holden-Edwards,19.52,B86 3UU
Rita,Howard,64,Female,False,2,married or civil partner,78227,0,Frost-O'Connor,17.53,SL3V 3GZ
Teresa,White,69,Female,False,2,single,78524,0,Hughes-Jones,17.58,DA86 9SJ
Neil,Allen,57,Male,False,2,single,91863,0,Nicholson-Murray,19.42,SO0 2TN
Danny,Thomson,38,Male,False,2,married or civil partner,64594,0,"Lewis, Goddard and Walters",15.48,SN94 3JH
Simon,Thomas,77,Male,True,3,single,70850,34044,N/A,0,SS4 0PU
Scott,Williams,89,Male,True,1,single,39494,36182,N/A,0,N85 1HT
Angela,Wall,53,Female,False,2,married or civil partner,30238,0,"Cox, Davies and Leach",9.01,S12 4TF
Malcolm,Lowe,72,Male,False,3,single,63351,0,"Chan, Jennings and Fry",15.28,CR1 4EE
Sian,Roberts,48,Female,False,2,married or civil partner,77030,0,Duncan LLC,17.36,ST6H 4QY
Frances,Fitzgerald,60,Female,False,1,single,23203,0,Rowe-Dodd,7.27,W2T 3AN
Joyce,Burke,32,Female,False,2,single,74486,0,Moore-Hussain,16.99,WN72 8LL
Benjamin,Griffin,91,Male,True,2,married or civil partner,43238,21203,N/A,0,N27 1GW
Steven,Webster,20,Male,False,2,single,73708,0,Bell-Ali,16.87,L0G 4XQ
Geraldine,Sims,86,Female,True,2,married or civil partner,65698,20844,N/A,0,B6G 5BS
Stephanie,Bray,51,Female,False,2,married or civil partner,33104,0,Bibi Inc,9.66,E9 0DU
Simon,Reid,55,Male,False,1,married or civil partner,34782,0,Day Inc,10.03,W7 7LA
Craig,Wheeler,25,Male,False,2,married or civil partner,85316,0,"Farrell, Stephens and Burton",18.53,RH05 9QT
Guy,Summers,42,Male,False,2,single,70851,0,Dixon-Holmes,16.44,ML3W 5GA
Chloe,Gardiner,68,Female,False,5,married or civil partner,83444,0,"Bennett, Hill and Wyatt",18.27,HX9P 1UJ
Jordan,Lynch,88,Male,True,2,married or civil partner,70884,18995,N/A,0,G96 4RH
Gemma,Smith,76,Female,True,2,single,51861,33015,N/A,0,LS5E 8DQ
Sally,Atkinson,84,Female,True,2,married or civil partner,67726,21114,N/A,0,DE51 6EY
Dale,Jones,24,Male,False,3,married or civil partner,86663,0,"Fisher, Henderson and Parker",18.72,KW9 0AJ
Aaron,Turner,82,Male,True,2,single,19665,28287,N/A,0,W27 9HX
Frances,West,49,Female,False,1,single,89079,0,Murray-Perry,19.05,KA05 3YG
Joyce,Mellor,30,Female,False,1,single,32405,0,"Wood, Davis and Power",9.5,OX0B 6JP
Rosemary,Roberts,20,Female,False,1,divorced,44799,0,"Jones, Howells and Sullivan",12.05,S1 4WN
Alexander,Miah,44,Male,False,1,single,44591,0,Hunter Ltd,12.01,E33 3TZ
Beth,Whittaker,27,Female,False,3,married or civil partner,92165,0,Poole-Harvey,19.46,EH38 8QW
Amanda,Duncan,33,Female,False,4,widowed,63869,0,Baker-Stevenson,15.36,OX11 6NP
Donna,Jones,21,Female,False,2,single,51780,0,"Cook, Harris and Cartwright",13.33,N1 6ZN
Sian,Thomas,29,Female,False,1,married or civil partner,84665,0,Kay-Taylor,18.44,FK5P 6GU
Beverley,Collier,58,Female,False,1,married or civil partner,39740,0,"Mann, Wilkinson and Davies",11.06,S5B 9GS
Alison,Adams,46,Female,False,5,married or civil partner,41631,0,Foster and Sons,11.44,CH19 2XE
Jacqueline,Stanley,33,Female,False,3,divorced,68121,0,"Jackson, Hardy and Wells",16.03,BT9X 8ER
David,Hopkins,55,Male,False,1,widowed,36149,0,"Smith, Randall and Barrett",10.32,E9D 5EL
Holly,Smith,61,Female,False,,married or civil partner,54038,0,"Clark, Jones and Carroll",13.73,B9 6ZY
Rachel,Price,26,Female,False,2,divorced,61514,0,Moore and Sons,14.98,TR4R 0TP
Terry,Singh,82,Male,True,3,married or civil partner,76433,28402,N/A,0,M7 9DS
Abbie,Knight,88,Female,True,2,married or civil partner,87142,17827,N/A,0,M5 1FW
Bethan,Warren,73,Female,False,2,single,93090,0,Evans-Smith,19.58,B84 6ZZ
Alexandra,James,83,Female,True,1,married or civil partner,39498,38031,N/A,0,HD5V 6WB
Jay,Williamson,88,Male,True,3,single,17940,36206,N/A,0,BS39 2QU
Lauren,King,65,Female,False,2,married or civil partner,89869,0,"Ali, Porter and Knight",19.15,GU7 6PR
Henry,Blackburn,32,Male,False,1,single,77522,0,Greenwood-Lee,17.43,TD43 0JG
Edward,Martin,56,Male,False,3,married or civil partner,49299,0,Chadwick-Holt,12.89,NG0Y 6UF
Alexandra,Walker,82,Female,True,2,married or civil partner,41134,25477,N/A,0,N38 4PT
Susan,Hughes,37,Female,False,1,married or civil partner,86276,0,"Johnson, Bell and Walton",18.66,MK0Y 0SX
Dale,Davies,74,Male,True,2,single,91035,15201,N/A,0,N33 4RD
Bradley,Butler,61,Male,False,4,single,72158,0,Potter-Taylor,16.64,EC1B 8YJ
Natalie,Jones,57,Female,False,2,single,38520,0,Wall-Thomas,10.81,L4H 7WJ
Diane,Sullivan,51,Female,False,,married or civil partner,49525,0,Webb-O'Brien,12.93,PO36 9BF
Gerard,Cook,46,Male,False,1,single,72574,0,Gibbons Inc,16.7,KY9V 8YE
Garry,White,34,Male,False,1,married or civil partner,91056,0,Ahmed-Clarke,19.31,W6 1EQ
Natasha,Rees,64,Female,False,2,married or civil partner,29552,0,Brooks-Williamson,8.85,SL6 7SU
Brenda,Riley,65,Female,False,4,married or civil partner,59145,0,Thomas-Flynn,14.59,B50 5EX
Sam,Long,83,Male,True,2,single,58511,26792,N/A,0,NP5 2SJ
Jeremy,White,87,Male,True,1,single,74975,18999,N/A,0,LL07 5HP
Wendy,Parkes,35,Female,False,3,single,30430,0,"Fox, Bell and Oliver",9.05,SL60 9LF
Abigail,Wood,57,Female,False,2,married or civil partner,87056,0,Talbot-Wright,18.77,NR7B 4JE
Beth,Carter,45,Female,False,4,single,47961,0,Abbott-Scott,12.64,E5W 6LD
Michael,Harrison,21,Male,False,2,divorced,63940,0,Garner Ltd,15.37,HU7H 9BX
Amber,Williams,45,Female,False,1,single,39441,0,"Quinn, Wright and Watkins",11.0,W8D 6AA
Valerie,Oliver,66,Female,False,2,married or civil partner,90734,0,Tomlinson and Sons,19.27,PO58 8TL
Kieran,Barry,57,Male,False,1,married or civil partner,66025,0,"Shepherd, Page and Harvey",15.7,NG13 4XS
Mary,White,71,Female,True,4,married or civil partner,22881,26584,N/A,0,DD9 8FT
Ruth,Green,73,Female,False,2,married or civil partner,22271,0,Bruce Group,7.02,L9H 5SF
Guy,Harrison,26,Male,False,4,single,22704,0,"Collins, Wade and Parker",7.14,WR4M 2LP
Catherine,Jones,38,Female,False,2,widowed,47623,0,"Bishop, Hanson and Brooks",12.58,G8 9BW
Ross,Brown,84,Male,True,1,married or civil partner,76734,39046,N/A,0,CO68 6DW
Anna,Pope,71,Female,False,4,single,48503,0,O'Connor-Jordan,12.74,LA2W 7XE
Allan,Powell,82,Male,True,5,married or civil partner,69869,25724,N/A,0,N4 3QG
Jason,Butcher,23,Male,False,2,married or civil partner,40450,0,Young-King,11.2,B97 9DG
Sarah,Parsons,19,Female,False,2,divorced,73271,0,Jenkins-Taylor,16.81,NG2 5UT
Kenneth,Morgan,50,Male,False,2,married or civil partner,96840,0,Richards PLC,20.07,L0 2PN
Leslie,Walker,62,Male,True,2,married or civil partner,78368,22739,N/A,0,E2H 1UG
Bruce,Harrison,44,Male,False,1,single,73235,0,Barnes and Sons,16.8,SE20 4ZQ
Nicole,Whitehead,22,Female,False,4,single,66797,0,"Sharpe, Richardson and Green",15.82,RM2 0PN
Marion,Edwards,49,Female,False,2,widowed,58711,0,Hunt LLC,14.52,PO6W 1AQ
Shaun,Ford,44,Male,False,3,single,30442,0,"Hudson, Watts and Leach",9.06,SL9 3PQ
Georgia,Hughes,41,Female,False,2,married or civil partner,39225,0,Brown-Clark,10.96,W6 2NR
Bernard,Shaw,72,Male,False,2,married or civil partner,22365,0,"Walsh, Johnson and Ahmed",7.05,DL3 6QF
Jeremy,Reid,20,Male,False,3,widowed,83152,0,Dunn-Jones,18.23,NE9 4SG
Bryan,Warner,63,Male,False,2,married or civil partner,87668,0,Nicholson-Singh,18.85,M70 1UZ
Louise,Wilson,65,Female,False,2,widowed,42620,0,"Hicks, Hewitt and Morris",11.63,HU14 9YU
Lawrence,Gill,91,Male,True,4,married or civil partner,26991,17309,N/A,0,W3T 8QS
Bethany,Barnett,20,Female,False,3,widowed,31336,0,Murphy-Allen,9.26,E5H 9DL
Margaret,Hardy,39,Female,False,1,married or civil partner,31617,0,Johnson-Porter,9.33,G7 6LJ
Sian,Lees,82,Female,True,1,widowed,51551,18227,N/A,0,HD3 4PH
Leon,Smith,48,Male,False,2,married or civil partner,65911,0,"Gilbert, Williams and Quinn",15.68,DY0 3SG
Ronald,Bennett,27,Male,False,2,married or civil partner,50236,0,Lee PLC,13.06,TD42 2EE
Diana,Barker,35,Female,False,3,widowed,64378,0,Jenkins-Schofield,15.44,DY1 1XG
Adam,Mistry,73,Male,True,1,married or civil partner,72479,21040,N/A,0,DG77 7LG
Henry,Williams,26,Male,False,2,single,95976,0,Davies and Sons,19.96,WA36 7AJ
Kerry,Martin,73,Female,True,1,widowed,72403,21127,N/A,0,LD6P 8LN
Megan,Palmer,21,Female,False,4,married or civil partner,32793,0,"Davies, Jones and Phillips",9.59,ME3 1DB
Rebecca,Thompson,18,Female,False,3,married or civil partner,56061,0,Conway Inc,14.08,M59 6ES
Kim,Baxter,89,Female,True,2,married or civil partner,22032,23977,N/A,0,B5 2RA
Marc,Jennings,26,Male,False,2,married or civil partner,24800,0,Riley Inc,7.69,L5 9BS
Eileen,Lee,55,Female,False,2,married or civil partner,25370,0,"Gregory, Martin and Thompson",7.83,W3 5NS
David,Parkinson,57,Male,False,2,single,92735,0,Richards-Buckley,19.53,OL2 4DA
Paul,Ward,67,Male,True,2,widowed,51000,24218,N/A,0,HA5M 2JQ
Sian,Walsh,85,Female,True,3,widowed,41262,16322,N/A,0,E5D 5ZR
Trevor,Howe,77,Male,True,2,widowed,44052,29898,N/A,0,B4 4AA
Mary,Davidson,42,Female,False,2,single,76766,0,Evans-Rees,17.32,M69 6YZ
Frank,Young,55,Male,False,2,married or civil partner,31027,0,"Porter, Hussain and Rice",9.19,N7 8AQ
Malcolm,Powell,77,Male,False,2,single,37144,0,"Roberts, Smith and Sutton",10.53,SL6 8JU
Fiona,Wilkinson,44,Female,False,4,married or civil partner,21341,0,Clarke Inc,6.77,TR3 3EX
Ross,Parsons,31,Male,False,3,married or civil partner,25084,0,Williams Group,7.76,TD86 0DT
Jennifer,Spencer,60,Female,False,3,married or civil partner,20518,0,Rogers-Saunders,6.54,IP87 3HB
Simon,Ellis,29,Male,False,2,married or civil partner,60835,0,Simpson Ltd,14.87,N3W 8PP
Lisa,Shah,26,Female,False,2,single,55458,0,James and Sons,13.97,PR5 8GN
Jack,Harris,50,Male,False,2,single,81922,0,"Hurst, Cook and Hill",18.06,HR7X 8ZU
Abbie,Davies,71,Female,True,3,married or civil partner,85206,26017,N/A,0,BL2B 0WP
Raymond,Hall,32,Male,False,5,married or civil partner,18335,0,Robinson-Pollard,5.91,AB1 5TF
Alison,Martin,20,Female,False,2,married or civil partner,37136,0,"Burton, Cooper and Wright",10.53,N4 6GB
Roger,Burton,62,Male,False,3,married or civil partner,31152,0,Ford-Stephens,9.22,S7A 9XL
Lawrence,Baker,64,Male,False,1,married or civil partner,52131,0,"Sanders, Taylor and Sheppard",13.4,N7 1YX
Rosie,Chadwick,41,Female,False,,single,55815,0,"Green, Grant and Bryan",14.03,BD8 8BQ
Roger,White,19,Male,False,5,married or civil partner,74770,0,Davies PLC,17.03,LA8 7XH
Michelle,Reid,57,Female,False,2,single,65740,0,Duffy Group,15.66,LS30 0HZ
Molly,Bentley,34,Female,False,3,single,80430,0,"Harvey, Patel and Bibi",17.85,N49 6NH
Sharon,O'Brien,60,Female,False,,widowed,34777,0,"Hutchinson, Taylor and Fuller",10.02,UB5E 3JY
Deborah,Williams,30,Female,False,3,single,38516,0,Rogers Ltd,10.81,W4W 6DT
Pamela,Grant,77,Female,True,1,married or civil partner,77821,34087,N/A,0,PE02 8AX
Max,Clarke,20,Male,False,4,divorced,27130,0,Byrne-Harris,8.27,EC9 6GB
Amber,Randall,60,Female,False,1,married or civil partner,45069,0,"Blake, Edwards and Bradley",12.1,CR3 9WD
Harriet,Griffiths,80,Female,True,2,single,69647,18359,N/A,0,LD1Y 6WU
Thomas,Harris,79,Male,False,2,married or civil partner,87136,0,Miller-Hewitt,18.78,DD02 7PF
Damien,Turner,67,Male,False,4,married or civil partner,94948,0,Carr PLC,19.83,BS7Y 6YX
Keith,Patel,22,Male,False,2,married or civil partner,55558,0,Browne Group,13.99,B11 8PH
Terry,Edwards,82,Male,True,1,single,22899,33689,N/A,0,FY66 1BZ
Rhys,Robinson,58,Male,False,2,married or civil partner,62657,0,White-Gray,15.17,BS60 2DG
Marian,Blake,59,Female,False,2,married or civil partner,43374,0,"Thomas, Yates and Begum",11.78,TN75 7DU
Maurice,Wilson,79,Male,True,3,married or civil partner,44433,18452,N/A,0,M6C 3YR
Kayleigh,Yates,22,Female,False,3,married or civil partner,40609,0,"Davey, Nixon and Fraser",11.24,N38 0YG
Yvonne,Thompson,20,Female,False,2,divorced,24311,0,"Goodwin, Matthews and Bradshaw",7.56,N47 0RU
Conor,Baker,53,Male,False,1,married or civil partner,31055,0,Clarke-Simpson,9.2,M7 2WT
Stacey,O'Donnell,29,Female,False,2,married or civil partner,36712,0,Hyde LLC,10.44,TS63 6UJ
Lynda,Harvey,48,Female,False,2,married or civil partner,63291,0,Iqbal LLC,15.27,M6A 5GE
Ian,Baxter,70,Male,False,1,widowed,39712,0,Clayton Inc,11.06,G48 9DE
Mohammad,Lewis,80,Male,True,1,single,92575,18474,N/A,0,SA1Y 5TN
Jane,Bradley,46,Female,False,1,married or civil partner,41041,0,Taylor-French,11.32,SW28 7XA
Leanne,Woods,34,Female,False,2,married or civil partner,24638,0,"Manning, Edwards and Wilkinson",7.65,M5H 6HJ
Garry,Moore,47,Male,False,2,divorced,71964,0,Watts-Charlton,16.61,EN35 4BP
Douglas,Jordan,24,Male,False,1,married or civil partner,94215,0,Osborne-Hill,19.73,GU73 9LG
Terry,Clark,39,Male,False,1,married or civil partner,69532,0,"Ingram, Gardner and Doyle",16.24,N88 0BQ
Jill,Lambert,67,Female,False,3,single,21428,0,"Miles, Lee and Lee",6.79,B7 9RJ
Grace,Gray,42,Female,False,3,divorced,53501,0,Cross-Young,13.64,LA5 9DS
Barry,Bevan,28,Male,False,1,widowed,80584,0,"Richards, Warner and Davis",17.87,N6 5AF
Rhys,Stephens,77,Male,True,1,married or civil partner,74712,13228,N/A,0,E7 7GF
Mary,James,21,Female,False,4,married or civil partner,75999,0,"Heath, Murray and Ryan",17.21,SW7E 8UJ
Lynn,Clarke,55,Female,False,1,married or civil partner,92420,0,Ryan-Mason,19.49,WN58 6HL
Lydia,Henderson,62,Female,False,1,divorced,90083,0,"Akhtar, Jones and Morris",19.18,B55 5BB
Joel,Mason,43,Male,False,2,married or civil partner,24132,0,"Burton, Wright and Johnson",7.52,L50 2AB
Kayleigh,Bray,81,Female,True,2,widowed,75812,7213,N/A,0,TD07 4NN
Jenna,Howarth,22,Female,False,1,single,87803,0,"Atkinson, Hawkins and Barber",18.87,N8A 8UB
Clare,Carter,76,Female,False,2,married or civil partner,45968,0,Preston-Jones,12.27,E5 4UE
Denise,Parkin,25,Female,False,4,married or civil partner,87224,0,"Holmes, O'Donnell and Lewis",18.79,G6E 0TW
Katy,Pugh,26,Female,False,1,married or civil partner,74302,0,"Smith, Wilson and Stephenson",16.96,G85 8QU
Martyn,Harris,78,Male,True,3,married or civil partner,48656,21742,N/A,0,PH62 5XH
Rosemary,May,87,Female,True,2,married or civil partner,65992,26689,N/A,0,WN87 1YG
Kelly,Fry,89,Female,True,5,single,54780,22358,N/A,0,DY86 9WJ
Michelle,Smith,71,Female,False,3,married or civil partner,94306,0,"Talbot, Morgan and Freeman",19.74,W2H 9QJ
Kieran,Curtis,25,Male,False,2,married or civil partner,63163,0,"Tucker, Warren and Evans",15.25,M8T 2YF
Tony,Williams,31,Male,False,2,married or civil partner,18464,0,"Jones, Ryan and Martin",5.95,DT3 4EY
Jayne,Matthews,51,Female,False,4,single,64881,0,"Robertson, Walton and Kemp",15.52,G6J 1NE
Chelsea,Stephens,50,Female,False,2,single,54083,0,"Frost, Begum and Wilson",13.74,G99 5FP
Jamie,Mahmood,63,Male,False,2,single,19215,0,Young-Jones,6.17,N49 7TE
Stacey,Barnes,25,Female,False,2,married or civil partner,70579,0,Warren-Green,16.4,WA85 2GR
Donna,Smith,67,Female,False,2,single,51712,0,"Williams, Power and Gregory",13.32,E30 4LZ
Duncan,Moore,67,Male,False,2,married or civil partner,67814,0,Griffiths Group,15.98,E87 9TP
Paula,Howard,72,Female,False,2,married or civil partner,93646,0,Cooke and Sons,19.65,G5 7LY
Dorothy,Harvey,68,Female,False,5,married or civil partner,47362,0,"Williams, Morris and Wells",12.53,N9C 6XQ
Graham,Roberts,22,Male,False,2,single,84941,0,"Middleton, Stone and Bailey",18.48,M3U 9YQ
Charlie,West,82,Male,True,2,single,20131,30972,N/A,0,S2 5XQ
Natasha,Poole,32,Female,False,2,single,36565,0,Leonard-Freeman,10.41,E1 0AQ
Nicole,Pritchard,42,Female,False,1,divorced,96457,0,Mistry PLC,20.02,B84 1PB
Rosemary,Poole,89,Female,True,2,married or civil partner,58329,31360,N/A,0,TQ81 9DS
Lynne,Davison,66,Female,False,1,single,20726,0,Brown Group,6.6,M7 0UX
Ashleigh,Adams,36,Female,False,2,married or civil partner,97172,0,"Stevens, Porter and Arnold",20.11,WS87 9DN
Glenn,Crawford,77,Male,True,3,single,51546,19197,N/A,0,B9D 2GP
Stuart,Wilson,69,Male,False,2,divorced,29511,0,Foster Inc,8.84,DN4 6LG
Helen,Carr,82,Female,True,3,widowed,91693,11751,N/A,0,BH4 6XN
June,Macdonald,67,Female,False,2,single,90360,0,"Allen, Gill and Lewis",19.22,E40 3ZS
Patricia,Lawrence,53,Female,False,2,married or civil partner,73933,0,Powell-Williams,16.91,WA9Y 9QD
Daniel,Potter,41,Male,False,2,married or civil partner,76490,0,Wilson Group,17.28,B84 9FU
Karl,Clarke,62,Male,False,1,married or civil partner,23562,0,Wilson-Barrett,7.37,JE8Y 4ZA
Tom,Brown,53,Male,False,1,married or civil partner,87413,0,Jones LLC,18.82,N2T 2XL
Katie,Shaw,91,Female,True,2,married or civil partner,45627,13978,N/A,0,HD7 3EB
Claire,Howell,34,Female,False,1,single,63061,0,Begum-Day,15.23,B86 4AX
Lawrence,Murphy,20,Male,False,2,married or civil partner,52317,0,"Little, Cunningham and Smith",13.43,EH2N 9FB
Elaine,Andrews,57,Female,False,2,married or civil partner,48475,0,"Foster, Hewitt and Green",12.74,IV3N 8PA
Samuel,Richardson,79,Male,True,2,widowed,23760,32121,N/A,0,W99 1LQ
Lorraine,Hammond,19,Female,False,2,married or civil partner,79800,0,Cooper PLC,17.76,ZE54 5BG
Charlie,Clarke,57,Male,False,3,single,46862,0,"Barnett, Hodgson and Stewart",12.44,N9 1BL
Ricky,Hill,18,Male,False,3,divorced,46803,0,Turnbull-Day,12.43,WN6E 1DR
Gareth,Knight,70,Male,False,1,married or civil partner,37929,0,Dawson-Baldwin,10.69,HP8W 3JA
Lisa,Thomas,23,Female,False,2,married or civil partner,61764,0,Evans PLC,15.02,M5C 6RH
Luke,Pollard,89,Male,True,1,married or civil partner,47424,26743,N/A,0,W5C 2YF
Claire,Russell,41,Female,False,2,married or civil partner,51199,0,Yates Inc,13.23,M54 6EA
Yvonne,Thompson,42,Female,False,2,single,17532,0,"Hilton, Smith and Bennett",5.67,W23 4AG
Lynn,Thomas,34,Female,False,1,single,70192,0,Nicholson Ltd,16.34,WF1N 1DH
Jamie,Perry,24,Male,False,1,married or civil partner,18446,0,"Davies, Phillips and Wilson",5.94,M3 5HY
Pamela,Cox,83,Female,True,2,single,67070,26266,N/A,0,M55 9PF
Mark,Morrison,44,Male,False,1,single,78704,0,Fleming PLC,17.6,S53 7AP
Martyn,Smith,84,Male,True,2,married or civil partner,37752,35585,N/A,0,CB0 8AJ
Laura,Collins,61,Female,False,3,married or civil partner,28770,0,Taylor Group,8.67,JE1M 8GD
Maurice,Richardson,40,Male,False,1,single,23280,0,"Field, Fox and Tomlinson",7.29,SO7 1GU
Molly,Morgan,41,Female,False,2,married or civil partner,45086,0,Webster PLC,12.11,E4H 4UA
Kelly,Sanderson,36,Female,False,1,single,72568,0,Rowe-Akhtar,16.7,L2W 9GL
Wayne,Reeves,48,Male,False,3,married or civil partner,37157,0,Thompson Inc,10.53,B0 7TG
Alan,Brown,34,Male,False,3,single,53691,0,O'Neill-Cooke,13.67,M81 9UH
Mandy,Warner,23,Female,False,3,single,53155,0,"Davis, Giles and Mills",13.57,N7U 9PJ
Samuel,Hawkins,74,Male,False,1,single,52992,0,"Kaur, Williams and Wyatt",13.55,B8C 8YS
Richard,Lyons,43,Male,False,1,single,93353,0,Jones and Sons,19.62,NP2 6PA
Mohammad,Green,27,Male,False,1,married or civil partner,27150,0,"Nelson, Fuller and Dale",8.28,S3 6RD
Lorraine,Gray,23,Female,False,2,married or civil partner,92675,0,Thomas PLC,19.53,W95 7DY
Lynne,Palmer,43,Female,False,3,divorced,49263,0,Farmer Inc,12.88,SL74 2XR
Jonathan,Austin,30,Male,False,2,divorced,50160,0,"Wood, Read and Butler",13.04,PA6V 3QP
Toby,Barnes,57,Male,False,2,married or civil partner,30916,0,"Wyatt, Buckley and Jordan",9.17,ST2 4JH
Adam,Walker,78,Male,True,2,married or civil partner,19897,17757,N/A,0,B2A 5GW
Charlie,Gardner,68,Male,False,1,married or civil partner,74828,0,Day PLC,17.04,TS18 8WJ
Keith,Saunders,56,Male,False,3,married or civil partner,75699,0,Ellis-Savage,17.17,S1F 3XR
Christian,Collins,30,Male,False,3,single,32056,0,Lawson-Hopkins,9.42,TF7W 3EE
Glen,Brooks,82,Male,True,3,single,58405,24686,N/A,0,AB5H 3WT
Chloe,Short,36,Female,False,3,married or civil partner,76015,0,Blake PLC,17.21,L3 3HQ
Ryan,Curtis,67,Male,False,3,single,75321,0,Williams PLC,17.11,L0 3ST
David,Shepherd,65,Male,False,1,single,85955,0,"Hopkins, Smith and Begum",18.62,N2H 1EP
Jason,Ford,27,Male,False,4,single,41371,0,Carpenter-Taylor,11.39,M78 7JJ
Natalie,Holloway,50,Female,False,1,single,77068,0,"Arnold, Ahmed and Barber",17.37,SA60 5YW
Lucy,White,48,Female,False,1,single,34126,0,Bennett-John,9.88,W5W 2WE
Beth,Skinner,67,Female,False,1,married or civil partner,94853,0,Watts-Palmer,19.81,L5E 8TQ
Geraldine,Hancock,83,Female,True,4,single,70267,12941,N/A,0,UB4E 3ZS
Georgina,Thompson,81,Female,True,3,married or civil partner,58468,20172,N/A,0,FY3B 5FS
Dorothy,Davies,63,Female,False,4,married or civil partner,24296,0,Lawrence Inc,7.56,G83 8XW
Maureen,Barrett,89,Female,True,2,married or civil partner,83848,20348,N/A,0,M9 9WX
Benjamin,Pugh,72,Male,False,2,single,60440,0,"Taylor, Price and Glover",14.81,M54 8AD
Marian,McCarthy,84,Female,True,2,married or civil partner,52377,26328,N/A,0,GY3 9TQ
Georgina,Martin,69,Female,True,2,single,37731,18066,N/A,0,W9 4EN
Mohamed,Wright,35,Male,False,3,married or civil partner,19102,0,"Johnson, Roberts and Riley",6.14,WD8X 0TB
Lynn,Wilkinson,78,Female,True,2,married or civil partner,36573,11398,N/A,0,CM76 5ZY
Paul,Baxter,85,Male,True,2,single,59928,26477,N/A,0,M0J 6YG
Colin,Moore,77,Male,True,3,divorced,67115,19974,N/A,0,L7 1TB
Elizabeth,Holmes,23,Female,False,2,married or civil partner,24931,0,Fuller-Turner,7.72,W7F 5LD
Jane,Charlton,90,Female,True,2,single,60568,35088,N/A,0,JE51 1ZF
Owen,Wilkins,43,Male,False,3,single,73929,0,"Vincent, Hutchinson and Wright",16.91,TF9 9PE
Tracy,Hill,26,Female,False,2,married or civil partner,96045,0,Davis-Evans,19.97,HD32 4UL
Max,Johnson,47,Male,False,2,single,23570,0,Harding-Walker,7.37,B02 8RR
Jacqueline,Cook,68,Female,False,2,married or civil partner,53557,0,Lewis-Gill,13.64,TA8X 2HR
Kenneth,Henderson,19,Male,False,2,married or civil partner,18660,0,Bennett PLC,6.01,LN1 5ZA
Justin,Sinclair,35,Male,False,1,married or civil partner,52339,0,Warren and Sons,13.43,M6 7LE
Ian,Cartwright,85,Male,True,1,single,88553,31504,N/A,0,N32 7BG
Sandra,Walker,86,Female,True,1,married or civil partner,63801,23831,N/A,0,N0 8DY
William,Brown,46,Male,False,1,single,62136,0,"Ward, Hughes and Reynolds",15.08,ST1E 8XQ
Charles,Roberts,84,Male,True,1,divorced,62763,29113,N/A,0,S19 0BP
Bernard,Russell,63,Male,False,2,married or civil partner,29695,0,Gibbons Inc,8.88,B4J 7ZN
Marie,Roberts,31,Female,False,5,married or civil partner,35493,0,Bibi and Sons,10.18,WC28 8SG
Marion,Nicholls,79,Female,True,3,single,53648,23389,N/A,0,SO6 0QB
Ellie,Macdonald,63,Female,True,2,widowed,54529,15015,N/A,0,NN5 4NA
Joe,Benson,60,Male,False,2,single,69484,0,"Brookes, Cooper and Brown",16.24,N42 2DE
Mary,Stokes,78,Female,True,2,widowed,20352,31947,N/A,0,EN0V 0JQ
Mohamed,O'Connor,57,Male,False,2,married or civil partner,77564,0,Harris-Sutton,17.44,SL9 1JA
Georgina,Fox,68,Female,False,2,single,54821,0,Jenkins PLC,13.86,M6E 2PN
Abigail,Doyle,63,Female,False,3,married or civil partner,97491,0,Gibson-Howell,20.16,N0 5QW
Chelsea,Richardson,31,Female,False,3,single,21671,0,Jones Inc,6.86,W6 1HN
Jake,Baldwin,39,Male,False,2,single,38392,0,"O'Donnell, Hicks and Hughes",10.79,N9F 9WA
Geoffrey,King,44,Male,False,3,single,40403,0,Jones-Edwards,11.19,E9J 0QP
Emily,Summers,27,Female,False,2,widowed,44022,0,"Evans, Clark and Hill",11.9,N4 1UU
Clifford,Coles,29,Male,False,2,single,98754,0,Bradley-Stewart,20.32,G7 1JF
Victor,Taylor,44,Male,False,2,married or civil partner,78772,0,Winter-Lee,17.61,CW5W 6WP
Dale,Hicks,90,Male,True,2,married or civil partner,74898,29226,N/A,0,N8 3WT
Liam,Walton,52,Male,False,1,single,70771,0,Ahmed-Buckley,16.43,CH01 7TB
Terence,Griffiths,26,Male,False,1,widowed,80196,0,Thomas LLC,17.82,CM0W 8YP
Charlie,West,36,Male,False,2,single,81204,0,Williams-Wheeler,17.96,WR17 4GR
Maureen,Quinn,88,Female,True,5,single,30149,20696,N/A,0,L51 3UY
Malcolm,Matthews,67,Male,False,2,married or civil partner,53568,0,Gilbert Ltd,13.65,SS2 5XZ
Julian,Anderson,36,Male,False,3,single,30468,0,Cooper PLC,9.06,SG34 8ST
Kathleen,Haynes,87,Female,True,3,married or civil partner,61980,36622,N/A,0,NP23 8ZB
Iain,Shaw,49,Male,False,2,married or civil partner,24651,0,Godfrey and Sons,7.65,PE00 6XN
Philip,Greenwood,29,Male,False,2,widowed,17813,0,Miles-Lambert,5.75,S7E 9XY
Jane,Duncan,35,Female,False,2,single,66284,0,Stone-Read,15.74,SE2V 3LB
Caroline,Cooper,31,Female,False,3,single,80690,0,Williams-Allan,17.89,G2 1GW
Kirsty,Lynch,64,Female,False,3,single,87864,0,"Austin, Robson and Knight",18.88,S16 2GJ
Karen,Burton,38,Female,False,2,married or civil partner,60614,0,Fox and Sons,14.84,SS4R 1BH
Aimee,Hardy,30,Female,False,2,single,89404,0,"Scott, Carroll and Warner",19.09,N9F 7BD
Marian,Edwards,80,Female,True,3,married or civil partner,71973,7736,N/A,0,N56 7NJ
Jodie,Cook,65,Female,False,3,single,48347,0,Stone and Sons,12.71,S3S 2DL
Justin,Gardiner,22,Male,False,2,married or civil partner,88870,0,Preston PLC,19.02,BS9N 5GN
Shannon,Barnett,90,Female,True,3,single,41656,33203,N/A,0,E9K 1EE
Kyle,Sims,72,Male,True,3,single,97544,32718,N/A,0,B59 8GG
Melissa,Chapman,82,Female,True,2,married or civil partner,81110,39135,N/A,0,L6 2DP
Carol,Wade,78,Female,False,2,single,83796,0,Hunter and Sons,18.32,YO6V 2FF
Keith,Ward,50,Male,False,1,single,43888,0,Evans-Young,11.88,G8J 1XW
Dean,Johnson,38,Male,False,2,married or civil partner,50168,0,"Robinson, Taylor and Brown",13.05,WA48 0YF
Hollie,Webb,29,Female,False,2,married or civil partner,30706,0,Patel and Sons,9.12,SP0 9HZ
Rosie,Benson,81,Female,True,2,married or civil partner,19700,36237,N/A,0,W7J 3JQ
Jacqueline,Booth,74,Female,False,1,single,93658,0,"Harding, White and Patel",19.66,WD37 1RB
Lindsey,Ryan,19,Female,False,3,married or civil partner,76673,0,Grant Group,17.31,M4 8RH
Geoffrey,Jarvis,20,Male,False,1,single,40605,0,Clark Group,11.23,G07 0JH
Elliot,Dixon,36,Male,False,1,married or civil partner,88249,0,Ellis PLC,18.93,E3H 3RP
Ryan,Thomas,58,Male,False,1,married or civil partner,38248,0,Wells Ltd,10.76,B2 1LJ
Denise,Akhtar,33,Female,False,1,single,92767,0,Butler Ltd,19.54,CA00 2AA
Stewart,Powell,81,Male,True,2,married or civil partner,74720,29021,N/A,0,TA90 5SB
David,Burns,65,Male,True,5,married or civil partner,49288,38977,N/A,0,EN7 4ZD
Heather,Goddard,69,Female,True,2,married or civil partner,68861,21535,N/A,0,OL2W 3RA
Nicola,Warner,90,Female,True,2,single,50471,16512,N/A,0,W2 1TE
Max,Fraser,31,Male,False,5,married or civil partner,42090,0,"Singh, Thomas and Reid",11.53,CF3 7TH
Bryan,Anderson,84,Male,True,2,married or civil partner,44662,12866,N/A,0,NE6B 5QN
Mandy,Stewart,33,Female,False,2,married or civil partner,76726,0,James Inc,17.32,W7 3DU
Luke,Smith,35,Male,False,2,single,66317,0,"Gardiner, Carey and Patterson",15.75,SW04 1PT
Russell,Kent,27,Male,False,2,married or civil partner,84564,0,Gregory PLC,18.43,HS1V 1WY
Rhys,Grant,67,Male,True,2,married or civil partner,52679,12813,N/A,0,M4A 8ZT
Frank,Martin,72,Male,True,1,married or civil partner,87169,35698,N/A,0,EN3E 8GG
Derek,O'Neill,34,Male,False,1,married or civil partner,82261,0,"Myers, Singh and Barber",18.11,EX5V 7JN
Patricia,Morris,89,Female,True,3,single,65450,28545,N/A,0,E8E 8QS
Dorothy,Roberts,72,Female,False,3,single,78971,0,Davey-Lees,17.64,AB3E 4NX
Rhys,Baldwin,73,Male,False,1,single,65331,0,Norman Group,15.59,BT6 0QH
Lawrence,Wells,32,Male,False,1,married or civil partner,82183,0,Williams-Jones,18.1,LN3 5DD
Hilary,Porter,40,Female,False,2,married or civil partner,65110,0,"Ryan, Parker and Johnson",15.56,W7F 5WP
Leonard,Norris,52,Male,False,2,widowed,66469,0,Knight Inc,15.77,N17 4UD
Conor,Johnson,52,Male,False,2,widowed,94678,0,"Williams, Akhtar and Howard",19.79,CB3M 2DD
Leslie,Williams,63,Male,True,3,married or civil partner,95878,28587,N/A,0,S3 1LG
Julia,Newman,42,Female,False,1,married or civil partner,71831,0,Jones-Stephens,16.59,PH10 6HJ
Daniel,Henry,62,Male,False,3,married or civil partner,24746,0,Hussain Group,7.67,E5 2HN
Bethany,Robinson,27,Female,False,2,married or civil partner,26462,0,"Cook, Cox and Richards",8.11,B2A 6QW
Billy,Goodwin,85,Male,False,2,married or civil partner,76423,0,Thompson-Hyde,17.27,BL1W 6DZ
Alice,Hart,36,Female,False,2,single,56704,0,Jones-Martin,14.18,HR9 6NS
Harry,Kelly,81,Male,True,2,married or civil partner,82601,33175,N/A,0,WF1N 2JY
Lynne,Harris,90,Female,True,1,married or civil partner,55155,33451,N/A,0,HS0 5WJ
Ryan,Turner,55,Male,False,1,married or civil partner,68990,0,Stokes-Stevens,16.16,SE6B 8ET
Peter,Barrett,51,Male,False,2,married or civil partner,37104,0,Marshall Ltd,10.52,RM8A 3PL
Cheryl,Baxter,36,Female,False,2,married or civil partner,54531,0,"Harrison, Wright and Parker",13.81,E1E 8PQ
Rachael,Singh,25,Female,False,2,single,22123,0,Humphreys Group,6.98,M4H 1RF
Bryan,Yates,59,Male,False,2,single,32432,0,Lee-James,9.51,CA8Y 5WT
Natalie,Thomas,39,Female,False,3,married or civil partner,85631,0,Duncan Group,18.58,B12 6TD
Shirley,Johnson,44,Female,False,2,single,49695,0,Hilton Ltd,12.96,WF74 7FY
Abbie,Rose,51,Female,False,2,married or civil partner,47688,0,Jones-Bennett,12.59,CM4W 8EJ
Fiona,Marshall,86,Female,True,2,married or civil partner,27329,29558,N/A,0,B3 9ZN
Donna,Hart,39,Female,False,1,single,33554,0,"Holloway, Murphy and Fox",9.76,GU2 3QW
David,O'Sullivan,75,Male,False,2,married or civil partner,54271,0,Hughes-Willis,13.77,L2D 3QF
Bradley,Hunt,42,Male,False,1,married or civil partner,90358,0,"Barker, Marsden and Hayes",19.22,NG9 0PR
Megan,Woodward,86,Female,True,1,single,39761,25814,N/A,0,G47 8BY
Lesley,Harrison,59,Female,False,2,single,76189,0,"Jones, Sanders and Gallagher",17.24,GY51 8AG
Amelia,Stone,19,Female,False,2,single,63552,0,Khan Inc,15.31,BL83 0LG
Clive,Davies,35,Male,False,1,single,79542,0,Bailey Inc,17.72,PL4E 3FW
Guy,Harvey,31,Male,False,5,married or civil partner,22273,0,Robson-Pollard,7.02,S3F 1TX
Lucy,Armstrong,45,Female,False,2,single,60028,0,"Clarke, Martin and Duncan",14.74,DG8W 6XU
Frederick,Davies,41,Male,False,3,single,31255,0,Hale-Daniels,9.24,GL5P 1DT
Conor,Walker,25,Male,False,3,married or civil partner,38236,0,"Williams, Gough and Johnson",10.75,TS25 7XU
Dean,Ellis,28,Male,False,2,married or civil partner,37142,0,"Green, Hughes and Lee",10.53,SY70 0TY
Natalie,Stone,65,Female,False,1,married or civil partner,52194,0,"Shepherd, Pratt and Stewart",13.41,B1B 9PJ
Glenn,Hussain,59,Male,False,4,married or civil partner,85766,0,Bryan-Hunt,18.59,S9 0FE
Callum,Quinn,65,Male,False,1,single,24931,0,"Edwards, Mason and Hunter",7.72,SO5X 9ZE
Ashleigh,Leach,65,Female,False,1,married or civil partner,81901,0,"Taylor, Jones and Williams",18.06,G20 2UH
Benjamin,Watson,76,Male,True,1,married or civil partner,37681,32168,N/A,0,SE59 0HR
Gail,Palmer,77,Female,True,1,married or civil partner,58067,11007,N/A,0,B7B 0ER
Mandy,Stewart,44,Female,False,4,married or civil partner,23663,0,Bailey-Ali,7.39,TR2 2GX
Jessica,White,36,Female,False,2,married or civil partner,94218,0,Bishop-Murray,19.73,W7 8ZR
Oliver,Jones,90,Male,True,2,single,20501,18413,N/A,0,FK9N 3RX
Leonard,Blake,57,Male,False,2,divorced,20388,0,Gallagher Ltd,6.5,E1 0YY
Emily,Norris,32,Female,False,1,married or civil partner,33563,0,Taylor-Davies,9.76,SP09 8ZP
Marian,Turner,31,Female,False,2,single,56076,0,"Davies, Clements and Khan",14.08,PR6 1XR
Aaron,Dixon,68,Male,False,2,divorced,67447,0,Cox-Walton,15.92,L6 7QY
Amanda,Roberts,49,Female,False,2,divorced,62807,0,"Jones, Brown and Martin",15.19,G0 4EN
Frances,Miah,88,Female,True,2,married or civil partner,75347,35047,N/A,0,NW40 0RF
Jordan,Thompson,82,Male,False,,single,22826,0,"Kirby, Sykes and Robinson",7.17,N65 3TE
Heather,Roberts,70,Female,False,3,married or civil partner,52213,0,"Mann, Knight and Hudson",13.41,S5 3XZ
Albert,Ingram,37,Male,False,1,married or civil partner,59262,0,Hunt LLC,14.61,B8 9XF
Jenna,Knight,61,Female,False,1,married or civil partner,79227,0,"Sims, Ahmed and Lee",17.68,FY2W 1DY
Pauline,Burns,35,Female,False,1,married or civil partner,59689,0,"Andrews, Daniels and Donnelly",14.68,WR7 6XU
Sandra,Chapman,59,Female,False,,married or civil partner,22595,0,White-Miah,7.11,HS94 6JT
Carl,Carter,35,Male,False,1,single,38443,0,Gould-Foster,10.8,LL34 2LF
Christian,Martin,72,Male,True,3,single,70273,22896,N/A,0,G1 3BY
Jasmine,Bond,25,Female,False,2,single,82525,0,Carter PLC,18.14,S0 9EU
Charlie,Short,51,Male,False,3,married or civil partner,65789,0,"Kelly, Mistry and Davies",15.66,E7 1TT
Neil,Miles,21,Male,False,4,married or civil partner,43943,0,"White, White and Pearce",11.89,G6B 3UE
Kerry,Smith,19,Female,False,2,single,91184,0,"Jones, Young and Graham",19.33,HP45 0HA
Stacey,King,77,Female,True,2,married or civil partner,71976,21738,N/A,0,HX4 1FJ
Kimberley,Coles,25,Female,False,1,single,96723,0,Ali-Evans,20.06,LS75 9XG
Roger,Griffiths,67,Male,False,3,married or civil partner,39693,0,Phillips Inc,11.05,E7 1DJ
Judith,Page,37,Female,False,2,single,65606,0,Higgins-Turner,15.64,SA58 6PH
Dean,Peters,35,Male,False,1,married or civil partner,50406,0,Hurst LLC,13.09,SE35 7ZJ
Mohammed,Lawson,52,Male,False,2,single,97477,0,Baker Inc,20.15,S6B 8QZ
Kirsty,Wilkinson,31,Female,False,2,married or civil partner,41853,0,Banks-Morgan,11.48,PA2 5ZG
Stanley,Wood,74,Male,True,2,married or civil partner,33628,29743,N/A,0,W4H 3RJ
Clive,Swift,45,Male,False,4,single,27999,0,Jones PLC,8.48,WD83 7XW
Denis,Singh,23,Male,False,2,single,19080,0,Carter Ltd,6.13,B52 3XL
Louis,Leonard,37,Male,False,2,married or civil partner,37807,0,"Gordon, Carey and Edwards",10.67,NW0V 5QZ
Annette,Bull,31,Female,False,2,divorced,19880,0,Stewart-Miah,6.36,B0 3GF
Danny,Evans,32,Male,False,1,married or civil partner,73132,0,Sheppard Group,16.79,EN7 0YF
Hilary,Campbell,55,Female,False,2,widowed,32776,0,"Thomas, Daly and Jones",9.59,DD11 4BY
Ian,Hopkins,90,Male,True,1,single,31155,25100,N/A,0,E2F 7GB
Ian,Holland,40,Male,False,1,married or civil partner,28489,0,Jennings-Hooper,8.6,L4 7NQ
Megan,Hammond,37,Female,False,1,married or civil partner,89669,0,Cook LLC,19.13,W8 1FR
Thomas,Harvey,69,Male,False,1,married or civil partner,18484,0,"Gregory, Porter and Edwards",5.95,L77 2XU
Brett,Mitchell,62,Male,False,2,single,75992,0,Williams PLC,17.21,G3H 3ZZ
Eleanor,Hartley,42,Female,False,2,married or civil partner,45831,0,"Johnson, Smith and Smith",12.25,JE8 3HU
Cameron,Lewis,33,Male,False,2,single,59226,0,Young-Fox,14.61,W5 5AH
Julian,Dixon,87,Male,True,2,married or civil partner,70376,13526,N/A,0,N45 4TU
Guy,Curtis,88,Male,True,4,single,24126,31884,N/A,0,B1J 0FF
Glen,Perry,82,Male,True,2,married or civil partner,56341,30438,N/A,0,W2 8EU
Benjamin,Waters,38,Male,False,1,single,25869,0,"Harrison, Hunter and Sharpe",7.96,L6A 9PP
George,Weston,18,Male,False,2,married or civil partner,45300,0,"Pearson, O'Sullivan and Roberts",12.15,KT9 8LA
Ryan,Brown,37,Male,False,1,married or civil partner,61152,0,Allen Inc,14.92,M7U 1TP
Adrian,Ellis,50,Male,False,2,single,41485,0,Fisher-Lloyd,11.41,LN1 3DT
Jennifer,Evans,69,Female,False,2,married or civil partner,50095,0,Stone Group,13.03,FY3P 2PX
Tony,Clark,48,Male,False,3,widowed,26919,0,Gibson-Brown,8.22,G5D 1SA
Melissa,Ward,89,Female,True,3,married or civil partner,74776,23690,N/A,0,HP47 7YD
Jamie,John,82,Male,True,1,married or civil partner,63414,31908,N/A,0,SK09 5DJ
Jack,Williams,47,Male,False,3,divorced,65434,0,Butcher PLC,15.61,M7 3AU
Sandra,Gill,45,Female,False,2,married or civil partner,47628,0,Davis Group,12.58,WV4H 2RW
Geoffrey,Lawrence,47,Male,False,1,single,57774,0,"Wells, Carter and Oliver",14.37,PO6R 7FH
Chelsea,Sheppard,70,Female,True,3,divorced,98955,14137,N/A,0,S6 7US
Mary,Sullivan,34,Female,False,2,single,85596,0,Manning-Cooper,18.57,NN1 1NZ
Kimberley,Mahmood,69,Female,False,2,divorced,93895,0,Donnelly-Stephens,19.69,G71 9BP
Charles,Blake,51,Male,False,2,widowed,30283,0,"Marshall, Payne and Warren",9.02,EN22 7ZL
Jennifer,Chamberlain,25,Female,False,1,married or civil partner,18841,0,Morris Ltd,6.06,LL67 3JH
Martin,Coleman,69,Male,True,3,widowed,62391,17969,N/A,0,BS45 9XE
Gary,Skinner,47,Male,False,2,single,46614,0,"Knowles, Howard and Walker",12.39,LL9E 7WA
Clifford,Campbell,63,Male,False,2,married or civil partner,61785,0,"Austin, Rose and Bowen",15.03,S0 7LB
Gavin,Horton,38,Male,False,1,married or civil partner,50253,0,Clements Inc,13.06,W19 5PA
Aaron,Smith,90,Male,True,2,married or civil partner,47075,22665,N/A,0,G2 9DY
Darren,Nicholson,91,Male,True,1,married or civil partner,58729,27876,N/A,0,G52 9QT
Geoffrey,Sykes,60,Male,False,1,single,44589,0,Foster-Read,12.01,PR5 7SX
Kim,Griffiths,82,Female,True,2,married or civil partner,43404,18393,N/A,0,DG9 1FL
Patricia,Harrison,53,Female,False,3,married or civil partner,51938,0,Walters LLC,13.36,CB62 9TJ
Martyn,Morgan,49,Male,False,2,single,56925,0,Smith PLC,14.22,LE90 2DX
Daniel,Barker,45,Male,False,2,married or civil partner,19903,0,"O'Brien, Hartley and Cox",6.37,M14 4GB
Ian,Martin,20,Male,False,2,married or civil partner,33940,0,"Marshall, Walters and Smith",9.84,PH6A 9NU
Paige,Stewart,38,Female,False,3,single,50903,0,"Sharp, Moore and Doherty",13.18,E3H 7HX
Mathew,Coates,50,Male,False,1,married or civil partner,69217,0,Lee Inc,16.2,WR7 7XG
Sally,Holt,57,Female,False,4,divorced,26572,0,Sullivan-Bennett,8.13,BB2V 3HF
Hannah,Brown,87,Female,True,2,married or civil partner,96716,19670,N/A,0,CH9 4AB
Amber,Howells,71,Female,True,2,married or civil partner,28452,23774,N/A,0,L4 0LG
Kathryn,Whittaker,57,Female,False,,married or civil partner,28670,0,"Clark, Smith and Taylor",8.64,WC7Y 7AL
Henry,Jones,35,Male,False,3,single,27397,0,Thornton and Sons,8.34,DA2W 1JX
Brian,Thompson,36,Male,False,2,divorced,27550,0,Wright-Lee,8.37,E6 7JS
Samuel,Hamilton,36,Male,False,1,single,58461,0,"Taylor, Davies and Johnson",14.48,S16 6XT
Janet,Elliott,56,Female,False,1,married or civil partner,34762,0,Blake Inc,10.02,S0A 9LN
Ben,Rogers,23,Male,False,3,single,19171,0,Ward-Douglas,6.16,M47 6AA
Emily,Akhtar,87,Female,True,3,single,45219,12587,N/A,0,CB28 8RX
Elizabeth,Johnson,82,Female,True,5,married or civil partner,73587,19856,N/A,0,IP2 3BZ
Debra,Parker,59,Female,False,2,married or civil partner,91992,0,Bradley-Scott,19.44,HA2 5LZ
Lynn,Booth,39,Female,False,2,married or civil partner,64270,0,Davies Ltd,15.42,L0 8DU
Ellie,Taylor,33,Female,False,1,married or civil partner,73315,0,Hale Ltd,16.81,PL8 4ZD
Marilyn,Brown,31,Female,False,2,married or civil partner,97361,0,Murray-Hill,20.14,N22 8UH
Hugh,Bennett,45,Male,False,1,married or civil partner,64444,0,Scott PLC,15.45,PA46 1ZX
Allan,Jordan,36,Male,False,1,single,47414,0,Lewis Ltd,12.54,SY41 9HX
Tom,Nash,83,Male,True,1,widowed,37628,26262,N/A,0,LD2P 9GS
Katie,Hughes,40,Female,False,2,married or civil partner,50907,0,"Tyler, Smith and Wells",13.18,NN3 7SX
Colin,Brown,38,Male,False,5,married or civil partner,32663,0,"Short, Ahmed and Reed",9.56,KW0 1AB
Stacey,McDonald,57,Female,False,2,widowed,85988,0,Burton and Sons,18.62,CF1 1WG
Stephen,Sullivan,89,Male,True,3,married or civil partner,94535,22167,N/A,0,BN4 3LE
Abdul,Finch,74,Male,True,3,single,60217,10514,N/A,0,S8 9ZR
Neil,Dunn,44,Male,False,2,single,26102,0,"Williams, Smith and Gibbs",8.02,NP8E 4ZW
Jodie,Thomas,87,Female,True,1,single,23267,27849,N/A,0,E25 7PF
Judith,May,73,Female,True,2,single,31167,20420,N/A,0,CF66 4LL
Jenna,Patel,27,Female,False,4,married or civil partner,67704,0,"Morgan, Clarke and Clark",15.96,BN8V 4UZ
Rebecca,Gregory,32,Female,False,5,single,31011,0,Howard Group,9.19,SP87 0QZ
Melanie,Walsh,27,Female,False,1,single,51151,0,Evans-Walsh,13.22,WN1X 3UA
Lindsey,Bibi,79,Female,True,1,single,92594,30631,N/A,0,L92 4FY
Billy,Whitehead,20,Male,False,1,married or civil partner,32973,0,"Shepherd, Jackson and Brennan",9.63,WC6A 0ES
Sam,Stevens,53,Male,False,2,single,28955,0,Austin Inc,8.71,NN0M 3PB
Maurice,Hunter,21,Male,False,1,single,60728,0,"Talbot, Moore and Fry",14.85,M78 7XE
Gillian,Holden,55,Female,False,1,married or civil partner,83756,0,"McDonald, Bates and Taylor",18.32,M95 3FA
Brandon,Smith,64,Male,False,1,married or civil partner,30965,0,Murphy PLC,9.18,HR8R 9YD
Deborah,Taylor,58,Female,False,2,married or civil partner,88881,0,Hawkins and Sons,19.02,L36 5PG
Paige,Edwards,71,Female,False,2,married or civil partner,77585,0,Edwards-Brown,17.44,B6 9SN
Hugh,Long,46,Male,False,1,married or civil partner,75990,0,Brown Group,17.21,DN9Y 1AP
Gregory,Bennett,51,Male,False,1,married or civil partner,24218,0,Kemp and Sons,7.54,S6G 1QL
Margaret,Mason,35,Female,False,1,married or civil partner,19095,0,Gibson PLC,6.13,WR2H 3NN
Dominic,Hayes,48,Male,False,2,single,81863,0,Perry-Perry,18.05,RH13 7ZB
Philip,Richardson,19,Male,False,2,single,54645,0,"Hewitt, Woodward and Hale",13.83,SW43 1QX
Lewis,Thomas,19,Male,False,3,single,40234,0,"Shepherd, Smith and Summers",11.16,G3 2FW
Dale,Smith,67,Male,False,2,single,42573,0,"Hill, Field and Chapman",11.62,TW8P 3JF
Paige,Iqbal,81,Female,True,3,married or civil partner,80731,21077,N/A,0,TD97 5NX
Darren,Foster,64,Male,False,1,married or civil partner,26774,0,Moore-Hussain,8.18,S2 6DN
Claire,Williams,86,Female,True,3,married or civil partner,66609,35100,N/A,0,HS2Y 4SR
Debra,Russell,67,Female,True,2,divorced,42404,36240,N/A,0,LS6P 3GQ
Graeme,Osborne,84,Male,True,2,married or civil partner,26338,25003,N/A,0,TQ26 0DJ
Arthur,Turner,70,Male,False,5,married or civil partner,22522,0,"Smith, Thomas and Foster",7.09,E6H 4SY
Ricky,Nolan,38,Male,False,2,married or civil partner,43102,0,"Rose, James and Cooke",11.73,HA2 1RP
Sharon,Morris,48,Female,False,3,single,58960,0,Smith Ltd,14.56,SL3H 4UY
Jake,Potter,74,Male,True,3,married or civil partner,90961,13497,N/A,0,CH2 3WG
Jacob,Bennett,66,Male,False,1,single,92862,0,"Smith, Osborne and Hammond",19.55,DN5R 9DX
Samuel,O'Connor,66,Male,False,2,single,75987,0,Burrows-Clarke,17.21,DD1 4ZH
Marc,George,59,Male,False,1,widowed,88939,0,Jackson-Pearson,19.03,SP8 8DY
Abdul,Fisher,38,Male,False,3,married or civil partner,90226,0,"Roberts, Cole and Holmes",19.2,SG0N 4AJ
Sian,Mason,72,Female,False,1,single,94647,0,Savage Group,19.79,E35 9FB
Liam,Nicholls,73,Male,True,2,single,37699,27695,N/A,0,GU97 4DR
George,Hayes,82,Male,True,3,married or civil partner,19860,17613,N/A,0,E5 1EN
Sally,Brown,52,Female,False,2,married or civil partner,30516,0,Smith Inc,9.07,DY9A 2GD
Paige,Smith,60,Female,False,3,divorced,48920,0,Owen-Shaw,12.82,S01 8LE
Kate,Jordan,39,Female,False,3,married or civil partner,62767,0,Hughes LLC,15.18,AB40 9ZH
Howard,Khan,52,Male,False,3,married or civil partner,86403,0,Foster-Robinson,18.68,B78 7UE
Marion,James,55,Female,False,3,married or civil partner,83374,0,Morris-Wood,18.26,N7 9QD
Frederick,Harrison,34,Male,False,2,married or civil partner,29015,0,"Mann, Holmes and Hall",8.72,G3G 1WW
Anne,White,86,Female,True,1,married or civil partner,31412,30393,N/A,0,B9W 4LY
Damien,Walsh,26,Male,False,2,single,74236,0,"Harrison, Singh and Hall",16.95,GY9 0JY
Marc,Howard,23,Male,False,3,single,58629,0,Smith-Jarvis,14.51,KW39 5YD
Robin,Roberts,26,Male,False,2,single,48263,0,Turner-Fisher,12.7,SL5 5DT
Joan,Evans,58,Female,False,2,single,90782,0,Shaw Ltd,19.27,BR5 5SG
Emma,Williams,37,Female,False,3,single,33862,0,Fox-Watson,9.83,TW5 5JF
Albert,Andrews,26,Male,False,1,married or civil partner,31639,0,Hargreaves PLC,9.33,S89 6SW
Ryan,Wilkinson,65,Male,False,2,married or civil partner,44112,0,Houghton-Atkins,11.92,DH00 0SJ
Thomas,Barton,29,Male,False,1,single,33071,0,"Cook, Walsh and Walters",9.65,EH5X 6UZ
Lauren,Matthews,65,Female,False,2,married or civil partner,36534,0,O'Brien-Patel,10.4,B7C 6HD
Hannah,Hartley,43,Female,False,4,married or civil partner,62230,0,Lewis PLC,15.1,RG58 4XL
Joan,Clarke,83,Female,True,3,married or civil partner,27713,24298,N/A,0,BR5 4NN
Fiona,Harrison,39,Female,False,3,single,41434,0,Power-Lloyd,11.4,CB2 3WW
Jill,Skinner,54,Female,False,2,married or civil partner,59606,0,Bryant Inc,14.67,G5 3WG
Josh,Morgan,54,Male,False,1,married or civil partner,84504,0,Young-Evans,18.42,KW2V 6PN
Barbara,Williams,48,Female,False,,single,82743,0,Hudson-Davis,18.17,L7 4NH
Sheila,Mills,84,Female,True,3,married or civil partner,93521,15921,N/A,0,TN1 6RR
Chloe,Thompson,52,Female,False,1,married or civil partner,37345,0,Ahmed PLC,10.57,G4D 3GH
Julia,Bailey,24,Female,False,1,married or civil partner,19270,0,Ross-Mills,6.18,S5C 2EU
Jacob,Reynolds,35,Male,False,3,married or civil partner,91753,0,"Campbell, Baldwin and Sutton",19.4,N2G 2TU
Teresa,Jones,84,Female,True,1,married or civil partner,28749,21711,N/A,0,S5 3PX
Mohammed,Taylor,88,Male,True,3,married or civil partner,89024,35772,N/A,0,N58 1WE
Kelly,Chambers,75,Female,False,3,divorced,79155,0,Butler-Nash,17.67,FY8 7TB
Alan,Andrews,18,Male,False,1,single,17490,0,Bowen Group,5.65,B1U 6AG
Pauline,Fox,35,Female,False,2,married or civil partner,60952,0,"Wood, Perry and Morrison",14.89,M8G 5DN
Luke,Smith,59,Male,False,2,married or civil partner,31667,0,Yates Inc,9.34,SO5V 4EB
Hilary,Williams,50,Female,False,2,divorced,84846,0,Turner and Sons,18.47,S6 9QB
Lucy,Jones,67,Female,False,3,single,23141,0,Begum Ltd,7.26,FY4 8SH
Stephanie,Gibson,90,Female,True,2,divorced,73232,10599,N/A,0,BR1 4SG
Abbie,Smith,51,Female,False,1,married or civil partner,66211,0,Young Ltd,15.73,W62 6PJ
Owen,Hall,83,Male,True,1,single,37025,29485,N/A,0,N08 2WL
Kathleen,Fisher,33,Female,False,3,single,32159,0,Harrison LLC,9.45,M18 2WZ
Joanne,Campbell,65,Female,False,2,widowed,95586,0,Smith Ltd,19.91,L2K 8NS
Lee,McDonald,29,Male,False,2,widowed,67822,0,Norton-Patel,15.98,WF5N 5RD
Elliot,Stevens,44,Male,False,2,married or civil partner,22767,0,Edwards-Howard,7.16,S9C 7RS
Joanne,Howell,60,Female,False,2,married or civil partner,54892,0,Thompson-Baker,13.88,N5 3QG
Lawrence,Brown,69,Male,False,1,single,49083,0,"Thomas, Smith and Barnes",12.85,KA3 6FB
Amber,Parker,53,Female,False,4,married or civil partner,89875,0,Kay PLC,19.15,HX79 8SJ
Edward,McKenzie,33,Male,False,2,divorced,49028,0,Young-Abbott,12.84,W1K 3LQ
Jane,Lewis,43,Female,False,3,single,91081,0,"White, Bull and Roberts",19.31,G5 0LZ
Sean,Perry,87,Male,True,2,married or civil partner,72515,32420,N/A,0,EX27 3XW
Bethany,Atkinson,48,Female,False,2,divorced,37838,0,Chapman-Houghton,10.67,M41 7HP
Joe,Barker,62,Male,False,2,married or civil partner,77076,0,Brown LLC,17.37,L06 0YF
Frank,Turner,72,Male,False,2,married or civil partner,48464,0,Turner-Brown,12.74,N6 0TZ
Conor,Martin,67,Male,False,5,married or civil partner,88195,0,"Taylor, Newman and Roberts",18.93,N9U 7FY
Megan,Fletcher,28,Female,False,,married or civil partner,67781,0,Williams PLC,15.98,DL10 1JP
Marcus,Atkinson,47,Male,False,2,married or civil partner,90655,0,Cooke-Thomas,19.26,M96 5EE
Marion,Jones,49,Female,False,1,married or civil partner,36178,0,"Howard, Yates and Khan",10.32,DL1R 3HR
Victoria,Morrison,49,Female,False,3,widowed,45724,0,"Harvey, Law and Evans",12.23,HD24 7FQ
Kevin,Harrison,75,Male,True,3,married or civil partner,44644,28776,N/A,0,BR0Y 3ZN
Bradley,Smith,47,Male,False,1,married or civil partner,91712,0,Schofield-Schofield,19.4,TS50 2EP
Hilary,Ward,27,Female,False,2,single,48397,0,"Mills, Gill and Chamberlain",12.72,CO93 0RY
Alexandra,Ford,76,Female,False,4,married or civil partner,33176,0,Smith Inc,9.67,WA3 5BX
Ronald,Carter,54,Male,False,1,married or civil partner,56440,0,"Williams, Iqbal and Metcalfe",14.14,TW07 0DR
Alison,Fletcher,77,Female,True,3,married or civil partner,79206,34341,N/A,0,G8 4HY
Yvonne,Williams,36,Female,False,2,married or civil partner,51998,0,Coates and Sons,13.37,N61 4PB
Dawn,Smith,67,Female,True,3,married or civil partner,39506,33368,N/A,0,B98 4EU
Olivia,Holden,71,Female,True,4,married or civil partner,87713,23468,N/A,0,LN3 8EW
Jean,Mason,30,Female,False,2,single,37024,0,"Hall, Whittaker and Todd",10.5,DG0H 5YD
John,Smith,40,Male,False,3,married or civil partner,57734,0,Griffin-Ward,14.36,L3 5QT
Iain,Cook,63,Male,False,3,widowed,25651,0,"Holloway, Harrison and Parkin",7.9,W4 6QD
Shane,Marshall,59,Male,False,4,married or civil partner,62720,0,"Knight, Sharp and Pearson",15.18,RM04 6WA
Eileen,Thompson,39,Female,False,3,married or civil partner,33323,0,Thompson Group,9.71,CW5M 9DZ
James,Parker,31,Male,False,1,married or civil partner,31055,0,Wells and Sons,9.2,HX25 5FX
Amanda,Jones,63,Female,False,3,married or civil partner,39646,0,"Booth, Pearce and Alexander",11.04,NE28 1PL
Ross,Foster,71,Male,False,2,married or civil partner,31258,0,"Hudson, Taylor and Wallis",9.24,NN8 4TA
Lindsey,Davies,85,Female,True,2,divorced,36249,10897,N/A,0,HP2H 7XT
Angela,Briggs,36,Female,False,2,divorced,66128,0,Fuller Ltd,15.72,W68 2ST
Josephine,Lawrence,25,Female,False,2,married or civil partner,90604,0,Smith Group,19.25,M0U 7UW
Hugh,Wright,80,Male,True,2,single,32239,28289,N/A,0,W02 4FR
Leonard,Lewis,44,Male,False,1,single,70789,0,Butler PLC,16.44,DD2E 1QL
Debra,Newton,56,Female,False,1,single,71258,0,Jones Inc,16.51,M0K 1HW
Callum,Burton,26,Male,False,4,married or civil partner,84124,0,Richardson and Sons,18.37,SK2 8AE
Denis,Clark,69,Male,False,2,married or civil partner,88502,0,Evans and Sons,18.97,W3H 0NL
Charlene,Morris,26,Female,False,3,single,54764,0,"Moore, Dean and Hawkins",13.85,CW37 9WL
Pamela,Ford,23,Female,False,2,widowed,73526,0,Lambert-Thomas,16.85,L82 8WH
Jay,Simpson,75,Male,True,3,married or civil partner,35718,24551,N/A,0,N2 9PE
Amanda,Jones,48,Female,False,4,married or civil partner,68221,0,"Edwards, Shaw and Lawrence",16.04,SE2P 7YB
Angela,McDonald,71,Female,True,2,widowed,64055,46268,N/A,0,W0 0LL
Craig,Thompson,86,Male,True,2,married or civil partner,26783,23632,N/A,0,DL4B 0JN
Lesley,Murphy,43,Female,False,1,married or civil partner,89464,0,Carter-Murphy,19.1,G6 5BH
Patrick,Young,26,Male,False,2,married or civil partner,63138,0,Richards-Anderson,15.24,CV93 7TZ
Anna,Parkinson,34,Female,False,1,widowed,55298,0,Powell-Miller,13.95,CF3 9EP
Frederick,Stevens,73,Male,True,2,single,41885,33420,N/A,0,KA1V 2GU
Hayley,Gilbert,33,Female,False,1,single,83105,0,Barrett PLC,18.23,ME2 0YX
Lydia,Thompson,72,Female,False,2,married or civil partner,74511,0,Allen Group,16.99,RM7 9XX
Lee,Ford,55,Male,False,2,single,94354,0,Watson-Wilson,19.75,B4F 8SA
Joanna,Brown,33,Female,False,2,widowed,80166,0,Warner Inc,17.81,L1 9RT
Elaine,Evans,40,Female,False,3,widowed,86514,0,"Connolly, Wilson and Jones",18.7,G52 1QU
Denis,Richards,79,Male,True,2,married or civil partner,67650,34122,N/A,0,HU74 9FJ
Julian,Moore,54,Male,False,1,married or civil partner,86706,0,Hall-Green,18.72,TQ8 7HH
Sharon,Shaw,90,Female,True,1,married or civil partner,18003,22726,N/A,0,JE36 5LW
Sian,Whitehouse,91,Female,True,2,married or civil partner,62624,13326,N/A,0,B8E 7EF
Declan,King,70,Male,True,2,married or civil partner,85625,26994,N/A,0,B92 5WL
Craig,Richardson,60,Male,False,2,single,63078,0,"Williams, Griffiths and Newton",15.23,N6J 5WJ
Jennifer,Fry,19,Female,False,2,single,65637,0,Edwards LLC,15.64,EN4Y 4GT
Leslie,Gallagher,56,Male,False,2,married or civil partner,27225,0,Hargreaves-Davies,8.29,B4S 3BD
Susan,Naylor,57,Female,False,2,single,46289,0,McCarthy-James,12.33,PE4 2LZ
Amanda,Shaw,38,Female,False,1,divorced,68898,0,Hayes Ltd,16.15,BD83 0PR
Janice,Holloway,79,Female,True,3,married or civil partner,65697,13227,N/A,0,S9F 9LZ
Valerie,Ellis,55,Female,False,2,married or civil partner,58919,0,Carter PLC,14.56,NP57 8ZL
Carole,Mills,59,Female,False,2,married or civil partner,46197,0,"Clark, Little and Hall",12.32,L5 3FQ
Julian,Cole,20,Male,False,2,divorced,61327,0,Rogers Inc,14.95,B11 8HP
Megan,Wright,18,Female,False,2,single,56128,0,"Burgess, Collins and Wood",14.09,S8D 3EQ
Damien,Kay,30,Male,False,2,married or civil partner,74592,0,"Wilson, Hancock and Quinn",17.0,DG2W 3RL
Tony,Gough,69,Male,False,3,married or civil partner,38351,0,Jackson Ltd,10.78,S5 5FQ
Vincent,Bull,42,Male,False,2,divorced,60278,0,Holmes-Hargreaves,14.78,N5 8GU
Liam,Edwards,50,Male,False,2,single,73950,0,Field-Ashton,16.91,LN7R 6XP
Suzanne,Carter,53,Female,False,2,married or civil partner,21203,0,Harding-White,6.73,L3A 3DF
Leon,Wyatt,42,Male,False,3,widowed,83864,0,Lane-Clark,18.33,BA95 5UB
Clive,Smith,62,Male,False,3,married or civil partner,82385,0,Cooper-Bond,18.12,WF49 3BU
Brett,Hall,28,Male,False,2,married or civil partner,86192,0,Rees-Williams,18.65,L7B 5ZL
Barbara,Kemp,64,Female,False,3,widowed,49106,0,Coleman and Sons,12.85,WD48 9PT
Francis,Holmes,42,Male,False,2,married or civil partner,41278,0,Buckley and Sons,11.37,G5 0HX
Caroline,Richards,41,Female,False,3,single,58598,0,Whitehead-Lewis,14.5,LS3N 9FG
Michelle,Wilson,22,Female,False,4,married or civil partner,52987,0,Mason and Sons,13.55,S04 9ZE
Grace,Brown,20,Female,False,3,married or civil partner,32963,0,"Hancock, Townsend and Dennis",9.63,CA7R 1RF
Alison,Gilbert,71,Female,True,2,married or civil partner,65570,19724,N/A,0,DY5Y 2BL
Angela,Gray,23,Female,False,2,single,33546,0,"Cooper, Ahmed and Jackson",9.76,B4B 0YS
Elliott,Daniels,33,Male,False,3,married or civil partner,40753,0,Walton-Parsons,11.26,CA3A 0AS
Ross,Thompson,73,Male,True,2,married or civil partner,78915,40622,N/A,0,N75 9QW
Sean,Jones,39,Male,False,2,single,66423,0,Fry and Sons,15.76,B91 0TX
Bruce,Hamilton,30,Male,False,2,married or civil partner,17449,0,"Webster, Powell and Owen",5.64,W18 1SX
Darren,Lewis,42,Male,False,1,married or civil partner,63751,0,"Daly, Morgan and Thomas",15.34,E12 2QD
Natasha,Graham,56,Female,False,2,married or civil partner,82864,0,Murphy-Burgess,18.19,E34 4RQ
Christopher,Roberts,46,Male,False,2,married or civil partner,48614,0,"Cook, Simpson and Mann",12.76,W5 8YG
Rhys,George,48,Male,False,2,married or civil partner,69733,0,Lewis-Spencer,16.28,N13 4RA
Ross,Perry,88,Male,True,2,divorced,22971,18484,N/A,0,G4 0YG
Mitchell,Moran,40,Male,False,2,single,63193,0,Barker-Kaur,15.25,N01 5HG
Amelia,Warren,34,Female,False,2,single,47413,0,"Porter, Spencer and Martin",12.54,BH00 4AX
Duncan,Miller,71,Male,False,5,married or civil partner,49530,0,Reid-Grant,12.93,E6 9NB
Kathleen,Hall,82,Female,True,1,single,62345,19926,N/A,0,UB78 7ZA
Jenna,Turner,43,Female,False,2,married or civil partner,21937,0,"Jarvis, Walton and Armstrong",6.93,L0 3JD
Jane,Thomas,31,Female,False,2,single,24209,0,Peters-Sutton,7.54,B8F 7FY
Malcolm,Andrews,51,Male,False,1,married or civil partner,87328,0,Barnes-Brown,18.81,LE6 2RF
Charlene,North,60,Female,False,4,single,53305,0,Holmes-Lloyd,13.6,BD16 5SE
Beth,Webb,28,Female,False,2,married or civil partner,69067,0,Curtis-Baker,16.17,KW2 8XF
Valerie,Carroll,36,Female,False,3,divorced,24507,0,Ball and Sons,7.61,IP33 1ZL
Philip,Scott,87,Male,True,1,married or civil partner,91598,9128,N/A,0,M6 2SA
Marc,Jones,62,Male,False,1,single,29740,0,Wells-Duncan,8.89,E04 4DR
Douglas,Jackson,23,Male,False,3,married or civil partner,50364,0,North-Marsh,13.08,CH8V 7PT
Sheila,Long,48,Female,False,1,married or civil partner,19589,0,"Edwards, Hudson and Fletcher",6.28,TW9X 1NJ
Damien,Baxter,76,Male,False,2,married or civil partner,29756,0,Simpson LLC,8.9,HX6 3UR
Angela,Lewis,78,Female,True,2,single,67280,9979,N/A,0,CF7H 2TT
Ashley,Robinson,31,Male,False,4,single,85787,0,Phillips-Smith,18.6,E3B 5QW
Eric,Foster,58,Male,False,1,married or civil partner,82317,0,"Leach, Parker and Wright",18.12,G95 2FW
Damien,McCarthy,81,Male,True,2,single,98683,25602,N/A,0,KA7 0WZ
Bruce,Webb,58,Male,False,2,single,31886,0,Phillips-Russell,9.39,CR7 6YZ
Ellie,Green,42,Female,False,1,married or civil partner,31636,0,Bennett-Russell,9.33,EX0 6TL
Gareth,Turner,68,Male,False,2,married or civil partner,92591,0,Barrett Inc,19.52,TR01 6BG
Gillian,Foster,78,Female,True,2,married or civil partner,52953,41424,N/A,0,BT74 8QH
Rosemary,Elliott,43,Female,False,3,single,21088,0,Wilson-Clark,6.7,SY26 7ED
Michael,Collins,80,Male,True,2,married or civil partner,58676,22919,N/A,0,DG6 8ZL
Molly,Sims,85,Female,True,2,single,56123,33751,N/A,0,L63 4FJ
Conor,Wood,51,Male,False,1,married or civil partner,56331,0,Schofield Ltd,14.12,E56 8SU
Karl,Knowles,81,Male,True,3,married or civil partner,37188,21201,N/A,0,DL2 4YT
Simon,Fox,27,Male,False,,married or civil partner,46300,0,Carey-Owens,12.34,CT99 0XU
Kerry,Smith,54,Female,False,2,widowed,35133,0,Clarke-Bradley,10.1,WD1 7RN
Jason,Fry,58,Male,False,1,married or civil partner,37764,0,"Morris, Harrison and Smith",10.66,IV5N 6YU
Arthur,Austin,61,Male,False,1,married or civil partner,88788,0,"Dobson, French and Lane",19.01,G3F 2UD
Jade,Collier,35,Female,False,3,married or civil partner,73636,0,Hall Ltd,16.86,TD9P 0UQ
Jamie,Harris,22,Male,False,3,married or civil partner,75811,0,George PLC,17.18,E6J 4QZ
Scott,Kent,64,Male,False,2,widowed,44842,0,"Townsend, Cox and Page",12.06,OX3X 4FR
Charlotte,Black,58,Female,False,2,married or civil partner,83595,0,Spencer-Atkinson,18.29,N1 6XN
Glenn,Lewis,80,Male,True,1,divorced,62937,24942,N/A,0,M6G 8YD
Andrew,Charlton,49,Male,False,4,married or civil partner,96982,0,"White, Chambers and Gray",20.09,ML01 1HQ
Jenna,Ward,22,Female,False,2,married or civil partner,63527,0,"Hughes, Barnes and Williams",15.31,L2 1JJ
Nathan,Slater,81,Male,True,2,divorced,56794,28402,N/A,0,S74 4AJ
Amber,Hobbs,21,Female,False,2,married or civil partner,26372,0,"Andrews, Collins and Fraser",8.08,SS66 4AX
Lynn,Parsons,39,Female,False,1,married or civil partner,68631,0,Lloyd LLC,16.11,HD59 4TA
Gareth,Sykes,77,Male,True,2,single,47859,23810,N/A,0,W50 7FQ
Jason,Spencer,88,Male,True,5,divorced,81015,26457,N/A,0,L8B 2UJ
Adam,Parkin,18,Male,False,2,single,23625,0,Sinclair Ltd,7.38,S3J 4SB
Kate,Carter,43,Female,False,2,single,17735,0,Atkinson and Sons,5.73,M0C 6PX
Carolyn,Williams,57,Female,False,2,single,18054,0,Miles-Stokes,5.83,N4 6PN
Harry,Fleming,43,Male,False,2,single,46866,0,"Pearce, Blake and Williams",12.44,HD80 1XT
Carl,Wilkinson,84,Male,True,2,married or civil partner,19222,21245,N/A,0,B4 1BB
Dawn,Banks,46,Female,False,3,married or civil partner,84910,0,Griffin LLC,18.48,SG05 6GJ
Alexandra,Williams,18,Female,False,3,divorced,34749,0,Doyle-Law,10.02,PR7 7EY
Jemma,Morris,86,Female,True,3,single,31889,9899,N/A,0,CA7W 4JU
Jayne,Allen,55,Female,False,2,married or civil partner,71432,0,Dickinson and Sons,16.53,L3A 8BP
Cameron,Walters,47,Male,False,2,married or civil partner,71112,0,"Saunders, Watson and Campbell",16.48,N32 0NE
Jack,Rose,77,Male,True,2,widowed,91233,21203,N/A,0,PR21 7AX
Angela,Smith,55,Female,False,3,married or civil partner,44839,0,"Stevens, Mitchell and Bailey",12.06,S10 6QJ
Marc,Davies,31,Male,False,2,married or civil partner,31397,0,"Clarke, Patel and Brown",9.28,W0 9NR
Debra,Fuller,82,Female,True,2,single,31707,33938,N/A,0,S1 7ZL
Ruth,Walton,45,Female,False,3,married or civil partner,34578,0,Lane and Sons,9.98,N5 2FR
Julie,Jones,68,Female,False,3,married or civil partner,49752,0,Stone LLC,12.97,WV3E 6FZ
Alexander,Reid,27,Male,False,2,married or civil partner,20974,0,"Bibi, Johnson and Horton",6.67,HS39 3NA
Benjamin,Stokes,22,Male,False,2,married or civil partner,92117,0,Howells-Singh,19.45,N2 2WA
Zoe,Ryan,62,Female,False,2,married or civil partner,29173,0,Mistry-Hobbs,8.76,G91 9RS
Mohammed,Roberts,26,Male,False,1,married or civil partner,97002,0,"Bailey, Morgan and Davies",20.09,N5J 5YX
Kyle,Moore,75,Male,False,1,married or civil partner,76279,0,Owen Group,17.25,RG7M 2LQ
Kelly,Collins,32,Female,False,2,widowed,30544,0,Hanson Ltd,9.08,B0G 5QS
Michael,Jones,48,Male,False,3,single,40521,0,"Watson, Williams and Riley",11.22,L83 7LT
Naomi,Williams,82,Female,True,3,married or civil partner,27041,20443,N/A,0,LN52 7RJ
Damien,Campbell,23,Male,False,2,married or civil partner,87750,0,Shah LLC,18.87,L1 3PE
Dean,Walsh,49,Male,False,3,single,64669,0,"Robinson, Shaw and Atkinson",15.49,W6F 6DJ
Catherine,Ashton,87,Female,True,3,married or civil partner,59446,31602,N/A,0,W9 8TP
Lesley,Dean,69,Female,True,2,single,59139,24557,N/A,0,M21 6LU
Ricky,Brown,29,Male,False,3,single,80366,0,Clarke-Rose,17.84,S4U 7JG
Megan,Cameron,48,Female,False,2,married or civil partner,42603,0,"Nash, Tomlinson and Savage",11.63,W0 8NF
Elaine,Harvey,58,Female,False,2,married or civil partner,43888,0,Pearson Group,11.88,EC4A 9LH
Nathan,Jones,27,Male,False,5,single,61756,0,Banks-Murphy,15.02,S97 1LN
Bradley,Norton,46,Male,False,2,married or civil partner,18268,0,"Gould, Harrison and Harrison",5.89,RM5W 1WD
Laura,Lee,85,Female,True,2,divorced,23068,22142,N/A,0,CM65 3EB
Katy,Green,78,Female,False,2,married or civil partner,47424,0,"James, Richardson and Cooke",12.54,S3 6HS
Katherine,Bishop,43,Female,False,1,divorced,67478,0,Parkin-Hodgson,15.93,L7A 5LN
Carole,King,51,Female,False,2,divorced,46719,0,Roberts and Sons,12.41,BR2 3SZ
Rhys,Davies,64,Male,False,2,married or civil partner,42179,0,Sanders PLC,11.55,CO7H 0HB
Abbie,Fowler,78,Female,False,2,married or civil partner,54628,0,"Wright, Price and Green",13.83,L7T 0AG
Abdul,Powell,68,Male,False,1,divorced,66841,0,Moore-Taylor,15.83,PL0 0BB
Hannah,Sharp,59,Female,False,2,single,91062,0,O'Neill-Palmer,19.31,SN8V 0JY
Patrick,Campbell,68,Male,True,1,divorced,43028,30744,N/A,0,RG86 7AY
